,0,1,2,3,4,5,6,7,8,9,10,11,12,13,14,15,16,17,18,19,20,21,22,23,24,25,26,27,28,29,30,31,32,33,34,35,36,37,38,39,40,41,42,43,44,45,46,47,48,49,50,51,52,53,54,55,56,57,58,59,60,61,62,63,64,65,66,67,68,69,70,71,72,73,74,75,76,77,78,79,80,81,82,83,84,85,86,87,88,89,90,91,92,93,94,95,96,97,98,99,100,101,102,103,104,105,106,107,108,109,110,111,112,113,114,115,116,117,118,119,120,121,122,123,124,125,126,127,128,129
0,-232.00664,-228.4933,-234.78725,-238.6633,-236.00357,-236.17763,-236.64258,-238.53217,-238.14786,-239.22935,-234.85754,-235.60643,-237.20908,-236.48608,-239.5018,-237.8952,-237.31084,-241.7511,-240.02261,-238.98737,-234.53954,-240.81033,-243.66867,-235.30824,-233.07527,-238.40883,-243.39885,-244.64056,-242.32854,-243.22911,-244.0883,-244.22485,-244.52916,-244.01968,-243.4269,-240.18652,-239.87758,-240.5595,-237.19975,-234.11823,-239.12912,-242.65605,-239.33499,-232.35704,-209.79,-179.54337,-155.77982,-158.26184,-188.92085,-214.50868,-223.90878,-213.58449,-179.76959,-174.60486,-190.86475,-191.06332,-205.70709,-222.09717,-181.91357,-151.73447,-168.71811,-172.20486,-154.30978,-155.49469,-161.46523,-185.31587,-203.30066,-208.02046,-203.90363,-177.5803,-169.6568,-174.0954,-176.03973,-179.1938,-183.16896,-185.12549,-203.51991,-231.36603,-241.72275,-239.94061,-239.88109,-241.32323,-242.11398,-243.71951,-247.41145,-249.84619,-246.65442,-241.36469,-241.50914,-245.17946,-247.65625,-244.79295,-238.79791,-237.19583,-233.58102,-231.27963,-232.83286,-232.29907,-227.80916,-221.54216,-219.43549,-229.85173,-239.47322,-240.89687,-245.1007,-246.23392,-246.12378,-237.30542,-236.34668,-242.81483,-241.72646,-242.63908,-246.35112,-246.79582,-241.89374,-240.36978,-241.26962,-238.27206,-240.0508,-234.4219,-223.42322,-223.74054,-228.56967,-235.22993,-238.62234,-238.8776,-236.52406,-234.72458,-241.9514,-245.56848
1,127.73899,128.59169,125.26361,129.84448,134.02843,135.50827,138.39828,139.88167,137.29956,136.05582,136.41098,136.24672,140.1666,144.25981,143.47723,142.95206,141.31348,139.4442,141.16699,142.4807,143.95288,138.67471,137.22116,145.22293,143.55357,135.40259,132.00931,131.16544,132.23862,129.81644,129.95602,133.80923,135.44153,134.19385,131.66367,132.7013,132.16031,134.32028,135.89182,136.6203,139.38513,134.59909,136.34409,146.8269,155.81915,161.75287,160.9649,159.297,159.60104,154.23663,143.08392,138.99286,151.09406,156.69208,150.45665,153.27194,148.63376,142.799,117.21069,128.74402,157.84525,149.97128,142.6519,146.31354,148.7868,140.7222,118.0775,114.82915,136.0286,172.13611,174.88242,164.71648,163.59938,166.5606,167.45552,165.68378,160.51996,138.72412,135.92448,138.49606,135.76007,133.49362,135.46063,136.67513,135.37589,136.03629,135.78937,138.95058,139.51295,135.34012,131.35892,129.40073,128.95255,127.10538,127.424225,130.58368,131.55914,134.02766,138.87897,146.20625,150.74313,149.10796,140.65543,138.36032,136.75443,136.873,136.54941,141.3866,141.87805,137.73035,137.97974,136.11746,135.02875,136.8265,139.2667,139.46811,135.26733,133.2922,130.35928,124.08182,121.15392,126.353264,130.56845,130.46298,131.66833,130.97694,131.2907,135.60002,139.12216,139.00903
2,-19.656267,-20.018303,-23.26558,-20.279276,-18.25795,-17.77169,-16.509363,-12.741061,-16.241814,-13.275436,-12.588453,-16.983902,-15.966093,-10.1352005,-10.310631,-11.271222,-14.100426,-15.273103,-13.911985,-12.776886,-13.142049,-16.21315,-18.636772,-18.557365,-15.16925,-15.756097,-20.456429,-14.043757,-16.701288,-14.418303,-15.379635,-17.851652,-17.238037,-17.77683,-19.504482,-20.938679,-23.623886,-20.827812,-20.1642,-18.529638,-18.061117,-17.218695,-13.904559,-5.693601,-9.731764,-26.331642,-41.16812,-45.319977,-32.938637,-16.810354,-14.192467,-23.087059,-26.547842,-18.8348,-12.074031,-7.740015,-8.34177,-12.660189,-23.955853,-18.14759,-15.725934,-27.005835,-40.237114,-46.18738,-42.04265,-23.362934,-5.879302,-5.014909,2.3139868,4.172309,-5.0695677,-10.566931,-15.771444,-19.85801,-22.711636,-26.606339,-20.942783,-17.219574,-12.629469,-15.313808,-16.95882,-16.730635,-15.133776,-16.444805,-17.652246,-16.964128,-18.0324,-14.192389,-9.413642,-16.851046,-20.733122,-21.289257,-20.20915,-17.481472,-18.727089,-15.366967,-13.991358,-21.612617,-25.852455,-22.44263,-20.97174,-21.109335,-21.354446,-18.384438,-16.622993,-16.927044,-20.246784,-15.354591,-14.649763,-11.445701,-10.7380495,-16.338463,-22.816092,-20.74089,-18.361952,-19.875666,-15.949432,-14.163704,-14.675648,-12.655022,-16.793198,-13.134144,-8.996466,-11.743193,-14.57913,-14.791205,-19.433859,-20.041563,-14.497501,-14.89299
3,23.342909,23.64349,25.251385,22.138662,15.349352,16.913635,22.034172,23.449745,21.375671,26.763899,24.835436,21.196774,18.018341,20.742214,19.75119,20.444645,22.116978,24.788933,23.98571,18.042933,20.020683,21.01228,18.32818,17.153614,21.730371,21.470802,18.897919,24.484444,18.629164,15.022711,17.307789,19.433495,18.010782,18.774883,20.43673,19.20488,12.939538,12.530985,13.3343525,11.742669,16.12841,13.855061,11.53974,16.12223,17.3679,15.939471,19.286003,26.210896,27.188564,20.00861,17.063417,17.27948,24.92414,26.183327,30.539614,36.096508,33.30361,25.71549,34.86531,36.99744,32.992996,36.49067,47.12648,56.607117,47.454163,30.679867,17.80626,15.784626,14.248707,17.39484,27.391273,28.483997,21.711658,20.161613,15.376432,14.079052,16.862879,19.572014,22.689194,24.013737,19.432777,20.067818,23.776299,21.801395,19.088993,19.171768,23.660463,26.493698,28.705029,25.700264,22.783878,25.909473,26.064373,24.474,23.763065,23.021248,23.266792,21.050594,14.232817,9.805203,13.538706,18.749668,17.478394,15.744616,18.107693,21.743908,26.39894,25.234505,24.765446,27.501318,21.937004,24.296776,17.81601,16.416807,20.016605,21.008099,20.259888,21.446203,20.619621,16.58162,13.9947815,19.93237,23.857876,24.818539,21.041668,20.171766,22.080746,17.233332,20.002357,17.84996
4,8.069756,10.402072,12.57617,10.025057,3.8311596,7.3942466,13.1491785,12.341196,16.73801,20.190235,19.624134,19.22527,17.246012,12.226752,12.275374,12.211174,15.326412,20.369865,19.722778,21.898495,17.638807,16.062635,15.123636,16.41847,16.499222,17.124979,17.337177,17.270657,13.184059,9.433371,11.7169695,16.501514,14.8979645,17.292614,18.807095,20.61111,13.840735,12.354464,9.21818,7.8539143,12.8044,15.480137,16.657948,12.155687,10.927095,10.39759,15.234827,27.335028,27.574991,16.624306,17.194513,18.093178,20.364386,12.516201,1.0461254,0.5641215,2.765932,2.7673235,1.3188822,5.3778043,15.995458,22.606976,21.807491,22.010075,21.8512,20.57092,13.69615,12.491743,3.4792702,-21.545624,-29.274046,-26.441189,-24.445587,-14.134673,5.088026,12.880048,14.15098,12.262178,9.854335,9.207981,7.64202,12.748792,15.236238,16.574406,14.781652,12.4003,13.904669,14.434253,13.039841,10.045027,8.089867,6.9287844,3.857097,6.328137,9.181935,8.982147,4.9268646,7.4105377,8.994958,5.677696,4.039768,3.91851,2.9019156,1.598078,6.7057076,11.283371,14.872963,11.651595,13.253897,13.318886,9.13209,14.515438,12.864509,6.042547,3.6776366,9.329286,15.411046,15.157864,10.771582,12.850063,9.185093,8.892912,12.16544,12.015709,9.641087,9.282594,12.799336,14.54245,18.384438,11.5847225
5,21.897839,21.8127,18.050825,15.879038,12.958609,15.7202835,19.644512,17.842144,21.366821,21.19528,22.154327,19.943213,20.37354,13.940832,14.803567,15.465677,19.551208,22.613308,19.319796,22.765268,23.462769,19.337559,17.827084,22.871315,21.09045,15.499796,16.73558,21.46099,27.144276,25.709206,19.119217,22.77518,22.99225,22.126673,23.745289,27.014292,24.85281,23.903713,22.55807,21.32415,19.878933,19.683548,21.193296,15.505996,7.7160144,3.6537948,0.40610254,1.2933834,6.894807,14.45042,16.654524,20.68884,14.806398,12.483181,11.560639,8.525678,7.55943,8.573362,8.372524,8.814999,8.476864,5.950202,2.2299132,-2.7613707,-4.6637506,3.8129482,16.800238,14.085324,3.06737,-6.499076,-4.531617,0.8146384,7.4556913,8.827918,12.080256,15.375059,18.07192,22.523312,18.731876,15.571421,14.49317,16.138763,19.984814,19.84538,18.746563,14.810154,15.368754,18.254608,16.579765,11.752319,8.992388,9.135943,10.546144,17.289682,17.717447,16.464493,14.115166,15.75334,18.284122,14.521822,10.512411,10.226521,9.428074,4.7829413,6.10627,11.087946,14.318321,11.867468,13.43096,17.980644,16.371819,11.3403,11.765305,8.285932,11.748009,17.755367,22.294527,20.962849,19.499004,22.366611,23.050125,22.962845,21.026327,21.899025,23.76556,24.01865,22.987518,24.518435,25.107365,17.915606
6,7.706792,11.992491,12.340355,5.7276564,5.008476,5.5011806,4.829339,6.5464225,4.0867662,6.133373,7.427499,5.2538767,9.148083,5.0587,3.5627818,2.185021,5.655641,7.133258,4.7026463,6.227322,6.7406034,4.0547867,3.3121336,8.334358,8.607911,5.550749,0.7318777,3.8297145,12.015224,11.237764,2.4260902,3.3594308,3.8955607,4.0391707,5.786492,7.0688615,9.276907,10.224627,9.81816,10.142515,7.358294,6.605212,6.71655,2.2931113,-6.706244,-4.50194,-4.205883,-9.433283,-7.82658,5.826087,4.932136,-2.6958725,-9.567553,1.228312,14.605661,10.404112,-0.52329886,3.1791449,2.7023888,-6.674305,-10.841766,-14.3256235,-17.991697,-9.488995,-12.070381,-13.072642,-3.4150033,-0.52161384,-1.3235483,3.469506,8.278085,12.562233,17.741674,15.3352375,-2.8088837,-6.411854,1.7452954,8.619311,6.061624,9.169561,7.11254,8.350196,12.170065,10.294971,9.15142,9.685125,12.840176,17.994133,18.60975,13.899309,12.273646,8.251372,5.9647384,8.128187,10.313637,7.3917828,6.5579205,11.581448,13.560533,7.1078777,6.642538,8.454195,7.211153,2.1481028,-0.16264558,4.788672,12.653248,13.557701,16.228712,17.898243,15.132202,8.791766,8.471205,8.49452,13.618671,15.18738,10.061077,8.966128,8.717055,8.443614,11.423567,13.370861,12.127619,12.223522,9.070753,7.8571053,10.292133,9.251108,4.993165,3.379511
7,5.728873,8.558601,10.463833,6.792728,7.3846197,11.235558,10.886397,12.613483,10.89976,10.684435,11.078451,10.934882,12.018266,12.726404,14.4568,10.2088,10.595604,11.782545,13.863138,14.040349,7.540654,8.65353,12.724121,12.590912,10.138363,10.423264,10.330642,8.317392,9.097703,12.375649,12.265736,14.328806,14.595774,15.276333,17.384062,14.52393,14.2058935,12.910582,11.240595,12.245428,11.097288,13.78171,12.984102,8.149296,1.4616734,-9.083564,-14.0029,-13.696123,-5.695352,7.7971563,6.4308705,-2.12087,-9.213145,-8.655851,-3.1148114,-6.911249,-8.751077,1.7250786,4.9695497,-2.691137,-8.684799,6.093113,5.677219,-3.2632387,-7.288603,-1.965867,6.6621857,13.077665,9.975853,2.2534847,-8.846909,-10.795142,-7.477092,-5.4462657,-0.7559347,0.4372348,0.22911328,7.923052,6.8696184,10.707752,12.953639,16.232418,17.73034,15.614788,15.194807,14.979401,12.375531,16.113152,21.092505,18.183989,14.378528,10.95445,8.978962,7.971497,13.979485,14.1983795,9.928173,13.684368,13.449773,10.384433,12.960883,15.557891,11.065868,10.537424,8.145928,11.852172,17.386772,23.127762,21.924774,12.568834,9.009772,12.9627495,11.522337,14.755268,14.958066,17.669727,17.212929,17.57939,20.276485,17.874208,17.099491,13.392471,12.508793,11.947063,6.3012347,4.4191008,6.481022,9.899156,8.861966,5.7069187
8,6.543002,3.916081,3.3471575,3.6645007,3.4316962,4.9452453,5.783595,7.9000516,9.820687,10.171301,8.519745,5.3587794,4.1707897,6.607932,2.5765226,1.831749,2.4902997,3.9159935,5.023596,3.1213124,2.477411,4.6688375,7.738329,9.034778,6.722438,5.0272627,5.477915,3.0028987,3.7870092,7.7462263,12.824837,14.428834,11.518846,10.379929,7.1275353,8.282533,10.056346,8.01791,6.793866,5.116919,4.85746,5.8054724,0.41430193,-1.6572461,-6.0857553,-15.518108,-18.897224,-13.700674,-4.545857,-0.9433092,-1.7005754,1.2881641,-4.6602397,-13.372568,-11.910685,-20.060514,-16.039284,-2.7989762,2.8608356,-3.4394162,-7.572283,-7.9897947,-5.5193143,5.175927,7.9831305,-3.1309512,-6.1586075,-1.1247883,-5.297141,0.6370044,6.7491283,2.8915823,-5.4423,-16.338522,-9.790705,-5.385337,-4.8716555,1.1207045,4.588092,7.6844697,9.491131,6.116384,7.183059,1.267567,6.0817986,4.400921,0.5660049,6.1755657,5.8618813,3.6876802,-1.6903865,0.24875724,0.97976303,1.3378758,1.9217738,4.689092,3.500739,1.6436391,-3.7193882,-3.3111806,-0.64811224,3.5335717,5.352445,8.875912,5.0160336,1.3989573,3.552809,11.038958,9.92131,-0.36366665,-5.265099,1.0842507,2.031817,4.386878,2.1353135,3.3932781,5.524989,4.9926972,4.004942,3.329496,3.4872472,1.8790672,4.9195538,5.16881,4.755508,2.0342612,2.3724062,6.7360992,7.713909,3.8902876
9,5.45257,7.398759,11.29006,9.796417,8.0138445,7.968638,8.87148,11.734588,15.255731,18.083412,15.915861,14.263079,7.743833,7.2576504,5.062705,5.3459663,7.5907617,7.165203,4.5853434,9.12742,12.247877,10.462765,6.4117503,7.3245964,10.44679,12.42276,10.586821,7.564531,9.21666,14.437048,16.710056,17.03239,12.9904,9.784716,7.379587,9.882976,12.859814,14.169107,15.782047,12.866886,12.426222,13.533888,11.277409,9.416418,6.848817,14.748975,22.956652,21.363373,12.955237,10.755024,9.930788,7.1489344,3.6627347,0.583558,-0.7083762,-3.1014104,-4.039481,-0.89852595,9.562431,5.6185074,5.673447,5.9323726,1.8354132,-1.1149106,4.016059,7.9848814,7.2150326,8.106652,4.760138,4.1887,4.8875003,2.063666,-6.948799,-10.851622,-2.2720137,-0.008051157,-1.7267919,5.8106937,10.577175,9.337158,12.111551,11.319704,6.8509035,6.6397405,6.5506163,10.778168,12.130032,17.694527,19.851215,17.187977,14.33585,16.997168,16.607996,12.893132,14.100002,16.84106,13.311873,11.488224,6.962964,5.629837,6.9415216,5.0461273,4.4158897,10.714533,11.093713,11.119255,13.010231,15.546824,18.673874,15.002281,8.315105,13.412068,15.50748,15.2047415,14.089202,11.084047,11.103447,10.956881,8.484539,14.212715,17.241058,19.020985,17.121899,12.113405,14.908957,16.523876,15.838585,15.656412,12.5777,11.7691765
10,-3.4336605,0.69576883,4.223326,2.8430269,3.4048715,3.1855187,3.6543746,5.661394,3.4056168,0.31590325,-2.1884174,-5.058562,-7.268239,-5.9674277,-1.5357072,-0.6643365,-0.5921925,-2.9864295,-4.7812405,0.109310806,-0.77481616,-1.6299876,-4.597597,-3.0687075,2.6552029,0.21621633,-0.49791485,-0.89496475,1.1888342,4.243517,6.7186265,8.206273,8.5081005,4.127572,1.142417,2.4704096,6.59389,7.8616176,3.9130914,3.1765566,5.5259285,-0.3577977,0.6922688,-2.3309898,-3.346405,-1.6472375,-1.3955605,-6.076838,-6.5520344,-1.8809791,-2.5049558,-9.835999,-24.633003,-25.602818,-18.958359,-15.650971,-14.6848755,-15.644513,-23.607843,-25.716127,-15.840181,-9.011437,-17.426992,-28.764866,-34.363716,-21.892632,-11.943734,-10.867981,-14.168888,-21.61503,-26.148495,-30.029942,-27.343285,-19.470615,-12.452227,-9.814264,-6.6823473,-1.9116766,0.291881,1.851346,0.14647481,-2.8352342,-1.0938908,1.5295455,-1.3675556,3.8814602,8.830051,8.768923,7.159457,6.6804485,3.089569,5.750182,5.2887025,3.7705941,4.3759403,4.7111745,5.6273174,5.3169303,1.4878601,1.4233356,2.7387512,1.5165101,2.3222885,3.3978262,1.1673484,2.5570624,2.939776,7.325225,7.663945,2.6084225,1.1005086,2.2506523,5.943732,10.646496,8.548141,-0.24888653,-1.533344,-0.41563714,0.18735315,1.9587618,2.8187933,5.190349,2.4592328,0.6733046,3.3364668,5.5919166,6.331853,7.478491,4.2536225,1.626607
11,3.2788408,5.520875,10.654064,10.325325,6.3506403,4.9132166,3.561424,9.4837675,10.417772,7.4801955,4.2470837,-0.43484116,-0.6179138,-1.7922106,1.9932611,4.50512,4.246576,3.9349353,0.19701698,-0.7203247,-3.832552,-0.48624068,3.74255,6.137434,9.110685,3.1142044,1.2267467,3.24573,3.5216296,2.068447,0.6418376,3.314002,8.416573,0.93126583,-0.8447008,1.3378559,2.2551122,4.1465645,4.9600053,3.8973036,2.5127716,0.29296124,3.5330057,3.3254125,11.66481,15.678637,9.216966,0.6030607,-6.540833,-2.7390428,1.9381917,-1.5197134,-8.517778,0.05144447,9.976436,12.519363,6.733381,0.27136612,-1.2431164,-1.4523113,-4.6934686,-8.63964,-6.217894,1.8444346,1.1051335,1.1445717,3.9920135,1.9556559,-1.6509631,-2.5656705,2.3828478,8.684664,12.301823,5.8417253,-1.9410272,-3.5731647,3.3878527,5.251047,-0.6468185,7.422319,7.3532543,1.5699859,4.1901894,4.31051,2.0647626,4.133339,5.348977,4.986452,1.3339657,-1.2868965,-3.3321714,1.4494746,6.1602716,8.338964,4.4733257,3.8393364,6.0977206,5.448598,2.710022,1.3635955,5.298689,4.3751345,5.5383625,3.0980382,2.9733577,5.9536004,6.3791575,4.8111734,7.2148237,2.3693564,-0.41065782,-0.73568904,4.690976,7.548234,4.603671,-0.07837084,-0.17110646,4.987674,7.3557634,8.785741,8.019648,7.9652457,7.082098,7.854482,8.8043165,6.9804673,4.2036424,2.3860314,-0.7384544,-6.419527
12,1.4364508,-0.69022596,-0.12918353,1.0254289,-1.752367,-1.8858179,-1.1319338,3.685389,0.3485912,-1.4011551,-2.184383,-4.55637,-2.3425374,-6.0726967,-4.7121043,1.2231227,-1.0427886,-1.0674045,-6.7908278,-8.661623,-5.9003572,-5.302118,-3.7329392,-1.4490128,-0.77679527,-4.646907,-3.7823682,-0.0407483,-1.2214999,-5.2302136,-4.128131,-4.789979,-1.2059884,-2.9470217,-4.8344,-1.5093639,-3.9584763,-2.7923346,0.65724367,-1.6394659,-2.4773088,-2.1951356,-1.8451824,-1.02189,7.1858187,9.321976,10.113903,12.486402,6.4624314,-0.66422457,-1.494942,3.4800844,-0.59343946,-2.9960093,-0.90441024,-0.8520102,0.33483258,1.5343591,10.900592,12.948328,6.287348,6.18579,6.999956,8.396611,8.274706,1.9056953,-1.7756848,-1.887604,-4.294614,-5.610641,-3.1650157,5.7812867,11.951096,2.624508,-0.7010637,-3.2083197,-1.1055807,3.5570166,-2.2840421,0.6772575,3.8736632,0.11357635,-0.7467828,-0.79498273,1.2735178,7.575551,6.0063825,2.814267,2.2494967,2.0946229,-0.554772,3.8837228,9.391632,7.7641964,4.458703,2.3049693,1.1589603,3.25412,2.0841568,-0.86056185,3.0611465,7.7120447,0.884696,-4.6271152,-2.0548697,2.4245234,2.1570392,2.918997,1.7832977,-1.7974548,-4.5886493,-3.541153,2.69133,1.414648,-1.373315,0.08083477,4.917716,3.6593084,0.949096,-7.4884844,-9.793524,-7.871964,-6.971241,-5.2935467,-0.569362,2.218024,0.17869957,-1.4493542,-2.979755,-7.67098
13,0.3389446,4.5222235,1.249354,-1.4876645,1.820463,3.125413,2.3567681,2.30703,2.1394963,3.9027927,-3.130597,0.23110509,0.093025625,-2.6726854,-1.176379,-3.1906774,-7.7670717,-4.0291457,-0.4218161,2.1618516,-3.099427,-2.2099032,-4.314117,-7.1129894,0.7796805,4.484131,1.2244536,-5.0791583,-5.4650927,-4.248578,1.160773,-0.113913596,-0.55653733,1.767915,2.4964302,1.8607218,-0.24104339,-3.3502266,-2.7306705,-0.9400548,0.88876086,0.6951112,-0.04313433,-1.5561981,-4.6578717,-8.711631,-3.9985967,5.4948153,7.1754084,4.1806035,2.9805746,6.48378,8.531855,4.3990326,0.5217366,-1.677167,0.3031798,-0.17966461,-0.38672245,7.5809426,14.137419,10.775286,2.1727836,-2.3266919,-1.7476451,0.07131934,3.7435265,3.8538933,5.6132097,5.367139,8.073383,9.660234,11.957619,7.499304,6.960636,5.3955297,-1.0763382,3.2874799,-0.18359585,-1.638369,2.8606558,-1.2825844,0.7241975,1.422672,4.5163856,5.43845,2.0916882,1.5304952,3.3744054,2.0136065,2.4698894,4.544167,4.9636717,4.4749603,0.9181007,-0.8986358,1.0995919,2.6896887,3.179123,-1.3546872,0.62891084,5.8678107,1.5183244,0.4351709,3.0800397,0.95889425,-0.90373296,3.2449546,-0.0052532554,-0.61397064,0.89461416,0.7562165,1.4264681,-1.7549977,-0.40308568,-0.21463023,2.3675935,0.81753963,1.330808,1.7745309,-0.5140533,-8.277269,-7.1670437,-3.4101682,0.18525034,2.8265376,3.5594187,3.8258972,5.6056757,3.4254184
14,-2.5403314,-4.137562,-5.9460115,-6.7142334,-2.235691,-0.16307431,-5.96095,-8.548993,-10.535544,-11.186921,-13.462589,-5.9944515,-1.7069929,-6.3936486,-1.7347108,-5.3602595,-5.0919085,-6.4265738,-2.3481588,-2.143942,-7.7328463,-5.512356,-6.4046383,-12.936422,-7.4045725,-7.085491,-4.6384115,-6.4502115,-5.133914,-6.3148603,-6.063179,-8.204007,-8.010134,-4.4829845,-4.3682175,-4.909135,-7.3924236,-7.218792,-3.9363174,-6.7502604,-4.455978,-1.8417499,-3.104877,-5.024761,-8.600765,-1.8613133,-4.4855604,-7.1844883,-8.18635,-3.23243,-5.048973,-7.491005,-1.8303139,2.2214162,0.1588012,2.209035,-0.9784174,-4.758951,-9.535604,-3.1834006,4.406859,-3.6944473,-2.3050175,-2.1020663,0.8883623,1.9348922,-1.4410373,-1.6394572,8.409775,16.425848,19.4921,18.05003,14.090886,8.482519,6.7432413,6.0864596,0.056492493,-0.38966668,-1.7083621,-2.460887,-3.1394722,-5.867527,-4.123869,-3.9682813,-4.1752295,-4.7044077,-5.6990066,-6.5987163,-8.857628,-8.500665,-7.713118,-3.996035,-0.13861382,1.5985566,-4.464903,-7.974435,-5.865382,-4.9637733,-7.6124325,-10.768632,-7.6291447,-4.5082707,-4.178981,-5.5422044,-5.4290934,-7.662072,-8.301677,-5.6291523,-7.131792,-7.8581514,-7.363407,-5.8286867,-10.998175,-16.87151,-16.177273,-11.474993,-3.5664673,-7.087325,-8.145092,-6.3019724,-6.9463086,-9.1348295,-7.8144574,-7.1974077,-5.0869427,-1.0581996,-3.1928356,-2.4285407,-0.51434785,-0.1707704
15,0.094665796,-0.1877157,0.41307783,-1.635112,0.0881474,3.065738,-5.190347,-6.0708275,-7.2565203,-7.518141,-3.9539938,-3.0191524,-4.708871,-3.8464036,0.3314592,4.071153,3.073999,-0.041030735,7.5113497,7.668477,1.8084404,0.20570886,1.7428297,-7.2130313,-3.348526,-0.9806547,-1.7335187,-2.1071239,0.09463322,1.8542745,-4.5185018,-7.64063,-4.014718,2.613915,2.070786,0.11011475,-2.1000543,-1.9458209,-0.27605844,-2.3910182,-1.0029316,-0.28985596,-4.235753,-1.3503098,-2.5335915,3.911613,7.7528524,7.2031713,1.9452643,2.2370453,1.8816283,2.0279055,3.230577,2.099217,-7.8126726,-3.230729,0.4399523,1.4450529,10.679706,8.932992,-0.90873456,-1.3671703,3.1604261,2.2914708,5.0891247,9.449182,7.384632,8.877946,14.365468,11.495392,2.997261,-4.787134,-4.2794137,4.012299,6.1380916,5.9882865,8.264393,4.545654,7.7294164,6.466973,5.2118673,4.7894535,1.9005585,0.37623543,0.53736424,0.42970526,3.6996176,8.444598,6.3369875,5.4854717,0.560731,6.224968,5.6832886,4.752919,2.1977155,-0.52212673,-3.9395218,-5.378859,-3.085931,-4.4702187,-4.7390137,-2.834437,5.184697,4.4067526,0.023727655,-0.93693966,-4.7468705,-1.8700057,-1.6561791,-3.8071804,-2.768557,-1.2132144,-0.34291077,-5.569285,-9.444241,-5.7044926,-3.1628966,-5.224834,-3.489441,2.182256,-2.4825826,-4.239338,-1.8778714,-0.94871837,-0.24972999,-2.569788,-4.6145225,-2.1388583,-3.7637749,-4.7857437
16,-0.3628589,-3.4392445,-7.4756966,-8.885922,-7.341799,-6.274828,-7.4153633,-4.95673,-5.84721,-8.0037,-7.496636,-6.7903204,-7.8582745,-5.424762,-8.370205,-8.138094,-8.570437,-4.80795,1.0582305,3.5799952,-2.4758048,-6.3513966,-3.480834,-7.265243,-5.6634502,-4.2730904,-8.837418,-7.4450235,-2.215069,-3.705436,-7.8654275,-10.308108,-8.647059,-4.354707,-0.7398871,-0.86565584,-6.1783304,-6.076621,-4.6633024,-8.021898,-6.5253916,-3.1820037,-5.0185523,-2.7226741,-10.171082,-18.964985,-19.580393,-11.636051,-6.8092732,-6.5693693,-3.8170881,-5.192793,-0.18391657,-0.2931527,-7.082326,-4.042859,0.32904023,0.43261313,-3.3409014,-9.625948,-12.459052,-1.7917929,2.1155396,-0.13542575,-2.8237476,-5.049045,-7.7474084,-4.845561,-0.29832128,-3.6671817,-9.684724,-11.597649,-10.492479,-4.520301,-1.3615247,-2.2912588,0.05921192,-1.6050208,-0.90277755,-4.673229,-8.673753,-5.0836945,-7.372502,-8.379795,-6.9173064,-2.7758198,-4.0793285,-0.9739582,5.477195,1.3839439,-7.6324606,-0.76228416,-2.7713509,-4.192892,-1.1955458,-1.9847627,-3.6242743,-9.16728,-8.633297,-6.76344,-7.402813,-5.2819557,-2.1450381,-1.9361602,-1.212632,-2.7823534,-10.553719,-6.3188562,-2.6408596,-6.3939133,-8.406584,-8.615599,-8.278702,-9.897701,-10.862328,-9.7023945,-10.3827,-8.014564,-5.9679723,-4.4788465,-5.7774577,-12.416824,-13.993116,-4.271636,-6.8918734,-12.169226,-10.792282,-7.2847295,-7.6002717,-12.456825
17,-0.23305628,3.810626,4.846911,1.4701954,1.1939298,2.0190828,3.423018,6.8773837,4.531537,0.912889,3.9751906,1.2189004,-1.2404268,1.515808,2.3661838,-1.2856784,-2.7242403,-2.9597852,-2.3267155,4.0670295,0.94313717,-0.034746885,2.5680223,1.0763842,-0.63488746,0.8449228,-1.7068644,-3.994514,-1.1414381,-4.784868,-4.037448,-4.641544,-0.35595882,1.7119358,3.3000824,4.7680144,3.987596,3.2413983,4.8544254,2.9647732,-0.50347674,0.6962325,5.0485697,1.3204222,1.8585479,-4.1876235,-12.9655285,-13.908488,-8.9952545,-8.236328,-0.21812367,2.7806084,2.9151828,6.3164215,11.94548,14.118705,9.771099,6.8154016,2.4233818,-1.9490535,-0.49728101,1.8459567,4.755369,2.9161434,2.403412,3.8180685,0.098968804,1.1563182,-0.36703968,3.315795,4.5311937,3.3662434,7.607834,10.295886,6.142287,2.3060024,2.7027068,0.15373504,-1.1704717,-3.1374345,-3.5898323,0.77554846,5.648879,4.50988,2.4149177,1.7089542,-1.7267481,-0.44707718,1.4393725,-0.063944206,-3.3578727,-1.8798597,-0.12618864,-0.65294427,-0.57336146,-1.308059,1.3122219,-5.9002666,-5.499032,-5.166226,-9.27379,-1.3603559,-0.7414816,-2.034048,3.5302176,2.0223489,-2.1211162,-0.77605546,-0.4307482,-1.6632907,-4.8472686,-5.611535,-4.87679,-5.5824957,-3.3859706,-5.8377237,-7.0675697,-4.50416,-0.92728406,1.9483323,5.5705347,1.3798604,0.17692262,3.8229103,1.0999976,0.4055822,0.91088045,0.8697931,3.4264095,0.36835933
18,-3.8840864,-1.912142,0.6446259,0.6332561,0.062233448,-1.4267938,0.5103688,2.2310507,2.9031703,1.0701885,1.8945947,-3.9775772,-7.876887,-2.6424794,4.099768,4.42585,0.37211406,-2.1768672,-1.0011389,1.35502,-7.8322997,-4.2997646,5.3118873,2.1928291,-1.2787716,1.1681228,-1.4658251,-5.420177,-6.028684,-9.730042,-9.513277,-5.5891523,5.6096225,5.846694,1.3221619,-1.4006128,-2.261258,-4.19354,-1.3277243,-2.736266,-3.3364112,-3.1333501,4.525139,-0.0077878833,-1.5768464,-3.639691,-5.1470966,-5.9032984,-11.032822,-13.008592,-7.0128484,-2.9818854,-1.4540235,-5.7947483,-4.4499426,-4.351887,-5.6748953,1.6300542,3.000339,-4.1411266,-6.3572483,-6.972419,-5.6555843,-5.3101187,-1.6063974,3.9599166,1.3257116,4.0848527,-2.6982265,-8.213602,-6.817186,-7.192193,-1.4604948,-0.08865374,-7.6326284,-11.770116,-5.48598,0.3508792,-1.5679562,-0.53384435,-2.7297065,-4.8960686,-0.019513369,-0.69733346,-1.7341301,-1.0634707,1.5717269,0.06763661,-3.5595627,-3.3766818,-3.3452768,-3.4317923,-0.02467084,-1.878195,-4.511937,-8.229385,-7.1401143,-9.148767,-8.131537,-7.314768,-8.815645,-3.9681334,-6.875827,-9.810784,-8.763014,-9.13783,-6.469537,-2.6504138,0.49782318,-0.6676774,-8.743226,-5.7777452,-4.105153,-5.754596,-5.3676577,-7.508453,-8.386711,-5.5213976,0.014575601,3.2181246,1.194916,-3.567214,-3.614021,-7.7762003,-4.8629284,-2.8986099,-1.6720335,-4.0943875,-1.2494713,0.35262012
19,-6.209063,-5.0301332,-3.5051963,-0.48479697,-0.8040343,-0.3270828,1.6393747,1.6317831,-1.7110101,-2.2146177,-4.917904,-5.181676,-3.7141669,1.1828232,7.0071945,4.623636,3.8946998,6.003964,0.8945465,-2.4067197,-4.8683496,-4.832096,-0.6049103,-1.8720773,-3.5418715,0.6270088,2.9999304,1.8339467,-0.0043361187,-2.1482854,-7.64456,-3.708272,3.9599323,5.7917576,0.70096767,-2.5119584,-7.7585964,-6.678295,-0.7405714,-3.7587905,-3.6263099,-2.2297533,3.0534656,0.40679258,-11.929724,-19.516598,-13.211557,-8.465836,-6.4428263,-4.5083847,-3.4609518,-0.35007358,-0.589943,-6.3272495,-2.5366597,-3.9526901,-1.2891603,3.9415526,2.4586754,-7.546375,-15.031197,-11.679179,-13.999237,-10.81699,-7.9229717,-10.922896,-10.07826,-6.5716395,-8.035097,-10.182558,-7.1178427,-2.2051463,-2.9819517,-10.031803,-12.8518305,-12.664984,-8.980743,-1.8100553,-3.5484405,-4.6571455,-8.21879,-8.528721,-1.5284835,-3.0285258,-6.8395815,-2.7092376,2.2241902,1.8677797,-0.12493718,-3.0386202,-3.063889,-2.4757624,-0.100120425,-3.1863296,-1.4682887,-6.9128804,-8.953431,-3.807867,-3.6029546,-1.5124478,0.03836882,-2.3905702,-2.4345155,-4.63949,-6.094866,-2.1851153,2.0320396,1.8584598,1.9000971,1.9448446,0.6032057,0.71413916,-2.7565098,-2.6617231,-6.1781297,-1.7616715,2.620347,-0.21289945,1.0864003,0.062529325,1.1072581,-0.10385424,-1.839266,-3.8115454,-4.578023,-4.5663195,0.4793327,-2.076147,-7.875568,-6.8120623
