,0,1,2,3,4,5,6,7,8,9,10,11,12,13,14,15,16,17,18,19,20,21,22,23,24,25,26,27,28,29,30,31,32,33,34,35,36,37,38,39,speaker
0,-527.5109,76.084854,14.256564,27.082333,11.015109,10.822815,6.6176653,5.3102903,5.0760403,6.6099224,-4.0640235,-1.9781368,-1.8396062,-3.2088535,-1.8210877,-4.6288424,-2.7169733,-9.886862,-7.6039844,-6.752658,-7.4735174,-6.471459,-6.3826942,-1.4175385,-1.6257358,-3.2966456,-2.56873,-2.8514462,-5.07014,-3.0607653,-2.7341774,-3.0329547,-1.7196733,-4.680421,-0.9473848,2.3584347,1.5742618,1.8492401,0.9899578,0.48178154,1
1,-481.35217,62.223526,10.688723,23.304268,7.7383776,4.814822,4.695966,4.551531,4.395646,5.3352246,-5.340837,0.5654324,-0.09539217,-4.113684,-0.30465528,-3.7552555,-1.7012676,-6.8524046,-6.093537,-6.5491905,-5.428279,-6.231562,-7.710548,-0.7301372,-1.9149141,-2.7432082,-2.5522702,-3.0611174,-4.7226667,-3.0922134,-3.3573017,-3.3299093,-1.4723206,-6.147109,-2.2458937,0.5415217,0.9910208,2.9459727,1.7590317,1.4438944,1
2,-473.5544,72.24605,9.286999,28.468245,10.555269,7.1774697,3.7839723,2.9323392,1.1704392,6.737683,-7.0705185,-1.5350934,-1.2460663,-2.2471051,-0.58258206,-4.4354825,-4.121267,-10.763489,-6.450678,-6.994423,-5.4876895,-5.367278,-7.3135595,-2.0266588,-0.108399846,-3.759873,-3.6320548,-2.6676078,-5.976607,-4.3783073,-1.5973517,-2.9752672,-0.9790745,-0.22018614,2.229172,5.0396714,2.181894,1.951762,0.3669683,-0.13364564,1
3,-469.0512,57.088566,7.791808,27.02576,11.196013,8.460496,3.9842868,4.978222,0.068877086,4.686613,-6.304736,-0.9224999,-1.4143845,-1.9546534,-2.3175964,-6.6547446,-4.276676,-10.632485,-6.9216166,-6.160071,-5.368006,-7.107387,-5.581513,-1.2583361,-3.4348676,-3.5126605,-3.9451222,-5.430438,-4.6999497,-3.415656,-3.4835396,-2.4159458,-0.19737123,0.3560795,2.983599,4.499038,3.6051996,0.5768362,-0.32850906,0.48192918,1
4,-481.81958,65.49307,8.59816,24.191513,11.4491005,7.3911943,1.0785983,3.2095048,2.9300969,5.2827315,-5.6275015,-0.28104278,-1.3273487,-5.1654305,-1.3682246,-0.78262216,-1.1425976,-8.614645,-5.6014733,-7.0403123,-5.414026,-5.672564,-4.995946,-1.366875,-2.9054265,-2.5245075,-4.504509,-2.3353474,-3.307785,-3.8017452,-1.8659736,-4.1744237,-2.4456947,-1.7644874,-0.58006626,2.405417,3.6614547,3.5735419,3.52355,1.1281966,1
5,-481.95166,55.89296,13.663706,28.267529,12.705974,9.535027,4.2326837,4.9988027,1.1136847,5.3850675,-3.2720487,0.63370395,-0.59350514,-2.7759817,-1.0790776,-4.7004495,-1.5897254,-9.732867,-7.982856,-4.663945,-5.773629,-6.4185743,-5.064336,-2.4493196,-3.0303226,-3.7466273,-4.3593774,-3.1263144,-3.978427,-3.1756904,-1.2746588,-2.1473644,1.160181,2.8658018,2.6036773,4.5807967,3.5227826,1.5289809,0.4109567,-0.8136419,1
6,-499.9375,67.20842,10.210004,28.914362,14.922533,12.8754635,0.26532534,3.0588436,0.3569069,5.9057956,-6.6104536,-1.3835949,-2.547502,-1.6660283,-0.25182858,-4.6870737,-2.126311,-12.075714,-8.487642,-5.7922034,-5.5287223,-7.076546,-6.529855,-2.9431932,-3.4960976,-3.7385056,-3.7324252,-3.958468,-4.1553464,-3.6437645,-2.3659644,-3.2541215,-1.5314648,1.2193971,3.5030632,5.199564,4.903366,2.9320445,0.3519678,-0.5447415,1
7,-492.5723,61.302296,7.702203,23.590546,8.350997,5.956088,1.2637727,0.013685138,-2.659669,2.3536432,-5.3820934,0.9150255,0.90956587,3.4699585,3.2181354,-3.6627579,-2.118482,-9.831218,-6.4570355,-5.5237627,-7.3792424,-8.102808,-5.3133063,-2.0514905,-2.4261627,-1.2560906,-1.8806756,-3.8073251,-4.7630906,-2.5539002,-1.9135981,-2.273051,0.95043874,0.9398327,1.3489124,2.636927,1.4845746,1.0868993,-0.06869243,0.7589718,1
8,-471.73532,57.264114,9.740355,24.669998,8.4069395,9.263697,5.5761104,5.952083,2.6884818,2.6429665,-3.8275151,0.80841684,-3.2673852,-4.198029,-1.8133259,-4.8226676,-4.7558074,-11.287871,-6.7884936,-7.4156485,-5.6600976,-6.3074,-6.8454394,-1.0136869,-4.397753,-4.569386,-2.1983333,-3.9318058,-3.0932124,-1.9855788,-3.0901005,-2.7328262,-1.6762211,-0.11882128,2.3680165,4.0384836,4.1498847,2.8470628,0.2106646,-0.855236,1
9,-455.15927,55.96669,10.314068,25.558544,9.446328,8.81056,4.823448,6.0120726,5.8501644,5.408406,-7.0818906,-0.13958552,-1.264088,-1.8944485,0.929359,-5.2627873,-5.925351,-10.897274,-6.660234,-8.691938,-6.942611,-7.0013323,-7.837579,-2.371759,-5.3093166,-3.8265576,-2.7160096,-4.5879593,-3.4546673,-3.5062513,-3.046242,-0.24516432,1.9424654,1.3162023,3.0883446,2.3607783,0.10069087,0.6592073,-0.09478572,-0.54057187,1
10,-487.95584,67.857925,16.533056,26.273361,11.734978,9.023016,-0.11666776,7.247334,2.4499216,2.9673374,-6.8877788,-1.3648915,-1.6202681,-2.646009,-1.1277629,-3.9900286,-7.110146,-10.057459,-5.0691986,-7.1015997,-2.246809,-6.3388934,-6.612362,-2.2694535,-5.0729165,-2.1938548,-2.8232453,-4.153238,-3.4134352,-5.52293,-3.9294786,-2.7884784,-2.1183274,-1.924305,-0.4706144,1.7445956,2.7537253,3.6462102,2.0614872,-1.4280093,1
11,-461.63974,60.03224,8.292155,22.832071,8.969116,6.4620576,1.8725241,7.1507163,4.0370708,3.8614876,-6.063405,-0.19039471,-1.1788547,-1.833142,-0.6701131,-3.2888691,-6.0527334,-9.863863,-5.250691,-8.314083,-4.1090827,-6.633438,-4.704144,-1.7462304,-5.962688,-1.9640249,-4.9397826,-4.3184524,-2.073236,-6.4322624,-3.6265154,-0.7575217,0.27761963,2.0728354,3.8238163,5.126825,5.330684,3.737016,3.7698627,1.0840774,1
12,-454.10007,81.96248,16.385916,22.321878,6.067271,6.45333,0.090703994,5.5693555,1.0189967,0.4698924,-8.245246,-1.1597022,-2.2734356,-4.1184964,-2.0621815,-3.6847346,-7.020068,-10.274145,-4.608604,-7.421675,-4.0336614,-7.4814057,-7.5246553,-3.200906,-4.1638627,-2.7752378,-3.8622081,-3.3728192,-2.376261,-5.2102685,-3.6991985,-2.3461769,-2.3257256,-0.8597306,0.94394904,3.9392908,3.9410043,3.2264652,1.7541345,0.3227188,1
13,-497.2998,53.023773,6.5773716,24.492912,9.432525,8.623051,2.954291,8.460873,1.7999959,3.9352896,-5.169048,0.4080726,-0.29541373,-1.4352882,-0.6767583,-1.1275139,-4.9311595,-11.2878475,-5.8645453,-8.82192,-3.225169,-5.0651913,-6.0421643,-2.6550443,-4.664687,-2.2464101,-3.6993637,-5.0573025,-3.0227451,-3.6538653,-2.373073,-2.6112845,-2.2910671,-1.9939721,-1.2946653,3.2285302,4.260168,4.111804,3.7060773,-0.92031693,1
14,-491.0179,54.138084,8.920849,24.569515,9.377905,6.6180944,1.3238955,8.806354,2.9745674,3.0285907,-4.760234,2.0159183,-0.14310192,-2.256889,-0.98843217,-2.9783185,-4.026458,-10.3014765,-5.340766,-7.482569,-3.688063,-4.594652,-5.235588,-2.1419847,-4.9572153,-1.982254,-3.352875,-3.2400973,-2.6327183,-4.6537223,-2.6405377,-2.9984663,-0.7552375,0.013295639,1.7027035,4.7118297,3.579917,2.475494,1.489695,-0.060091868,1
15,-468.202,51.149933,4.8845835,24.083317,10.974887,9.072073,-0.37124774,5.5410385,5.0106287,2.5697625,-6.443263,1.7149597,-2.8443933,-3.3149798,1.225699,-5.2474303,-6.7302985,-10.337429,-5.689674,-7.1845617,-3.7987823,-7.2580547,-7.790974,-2.700268,-4.0787053,-1.2310741,-5.1685286,-3.4862149,-2.4220164,-3.8082592,-1.4695566,-1.0602114,3.1632493,2.8031824,3.0225234,2.8679461,1.2708985,0.23011892,0.22353427,-0.17478415,1
16,-452.17096,55.80483,11.24136,20.03036,8.323639,11.871749,5.3384066,8.788671,7.379502,-0.7591959,-6.857262,0.22452687,-3.290718,-4.0047803,1.7995087,-7.8145294,-7.4084253,-5.6648507,-8.605468,-6.3307,-6.2010837,-7.242574,-4.5219135,-3.4926243,-2.2646773,-4.1627812,-3.2743225,-0.9928016,-2.9426796,-3.6418185,-2.4240012,-1.3563976,0.18660015,2.3715317,3.4427388,4.367202,2.765611,1.7931855,0.5279602,-0.87696993,1
17,-455.11737,65.040665,9.013924,23.121548,11.830861,9.004087,-0.084623836,6.3989787,4.54328,0.41847414,-9.806244,-1.3672961,-2.4513686,-2.1655903,-3.2472858,-6.250154,-7.4206686,-12.27068,-5.3113074,-7.192398,-4.812921,-7.450164,-6.3073597,-2.3269033,-3.4911854,0.5836247,-2.3169057,-4.2240415,-2.2720947,-2.1378827,-2.3123221,-0.63719213,2.0074222,2.9748912,4.0862465,3.1243348,3.8887231,0.72536886,0.8460369,-0.49873623,1
18,-468.83078,79.28057,8.305331,22.024464,11.236779,10.489469,0.9598863,8.441363,5.907027,4.339872,-6.387529,0.75065696,-0.829699,-1.5585449,-1.7137696,-5.120165,-7.9981427,-11.880826,-5.1630692,-8.41567,-3.1417246,-6.199058,-5.155377,-0.219004,-5.013255,-1.2336787,-3.2676668,-3.2391596,-1.3552283,-5.546413,-5.6296372,-3.7736192,-0.4132642,-0.05890679,3.4546125,5.635115,5.5158806,3.7646427,0.9177797,-1.5159658,1
19,-472.19394,72.773186,7.678341,25.080297,10.313007,8.947088,3.5167096,9.395768,1.637605,4.501464,-6.0068507,-1.6814914,-0.7692711,-2.4536428,-2.9489117,-4.198864,-5.4958515,-10.9592495,-5.8967476,-6.382276,-4.0274467,-8.138007,-5.4279456,0.09949587,-3.9593835,-3.4895196,-3.3509445,-3.506769,-1.674075,-3.2580616,-3.908028,-3.0161817,-0.64652395,0.54438275,1.3605187,4.554334,4.9279695,1.379333,1.8595237,0.36794862,1
20,-542.63257,74.73675,19.844948,33.941887,16.602186,14.669038,4.2017665,9.548811,1.7081591,8.049078,-0.90476197,-0.86432964,-3.1911094,-3.0376043,-2.652647,-7.823873,1.8679155,-1.5495911,-5.518875,-5.206891,1.6077433,-0.8971195,-2.4609854,-0.055105474,0.33805197,-1.0095137,-4.5388455,-3.6669168,-6.153441,-3.5634577,-3.8400233,-4.8253746,-1.0435227,-2.223432,-0.6480743,-1.522541,-1.1073037,0.97945243,2.9351423,2.927626,1
21,-578.7855,74.12141,24.819891,29.700409,18.913893,13.904471,1.7988276,9.860772,3.5993865,8.540084,-1.5887847,3.4365623,-1.3751411,-0.41387898,-3.34596,-8.188701,-1.0475353,-3.7742503,-3.343578,-3.566355,2.1726635,-2.5973039,-3.9153607,-1.6033794,-1.0298332,-0.6838797,-4.0618305,-3.515835,-8.379509,-7.7552967,-2.510532,-5.773551,-3.3108826,-3.8987448,-4.8961935,-4.6534348,-1.0843278,2.2007096,2.421336,1.8261337,1
22,-561.5847,72.99506,20.469198,30.585255,20.777025,16.937067,4.7971725,8.38313,4.2771626,5.409389,-2.0125754,1.3164717,-3.2065353,-2.1569731,-4.846056,-8.867574,0.4187156,-3.1253042,-4.089378,-3.4809182,1.1811049,-2.7801843,-5.7055445,-1.9318339,-0.3971187,-0.3515733,-2.3205311,-3.497583,-8.220949,-7.447027,-3.6052315,-3.6773078,-3.1389403,-3.1361122,-1.9139059,-2.662038,-1.7386906,0.25792325,2.4799182,0.9564257,1
23,-566.6673,75.27583,23.873953,32.940735,20.88396,17.916965,9.435234,13.05419,3.3728545,5.074379,-0.64435786,3.0814273,-0.3028684,-1.0016552,-3.1437526,-7.063772,-0.2386583,-3.1455154,-3.2228317,-2.5872505,2.6335988,-1.6725566,-4.326809,-1.5432466,-0.55390275,0.67012763,-3.0908825,-5.0434384,-8.445485,-8.470228,-4.184168,-3.1406486,-2.6275136,-4.18459,-3.3712711,-3.2728708,-2.9493594,-1.6950963,0.7737895,0.7018719,1
24,-554.37897,61.52342,19.0117,31.478453,20.681246,14.260175,3.9657898,7.96755,4.1156387,5.3384748,-1.1233287,3.0195687,-1.4266956,0.29835704,-1.6011045,-7.910941,-0.80358094,-2.558673,-4.390969,-4.341795,1.4667001,-1.6886674,-3.5869498,-0.98656887,-0.8802377,-0.74931604,-2.5861855,-3.3777976,-7.0852804,-7.470215,-3.7410264,-1.8360139,-0.8642978,-2.837869,-2.4184043,-3.0027394,-4.039933,-1.6399503,0.145097,-1.0459529,1
25,-550.30664,63.424805,17.187841,33.745537,22.562302,14.736319,3.457148,7.138552,4.86586,5.1927524,-1.3825191,2.9810405,-0.012763478,-0.094630346,-2.2131677,-5.2475915,0.047396004,-2.5718784,-1.61073,-3.9197671,1.9156412,-0.2664358,-4.601493,-1.2807778,-0.34532353,-0.40071434,-3.421691,-4.0402527,-7.3002887,-7.461058,-3.1877527,-2.3799312,-2.5308475,-2.9313903,-2.3312683,-3.044403,-2.4148002,-1.9261395,0.6922239,0.18704835,1
26,-557.1278,68.95577,21.415209,31.741362,17.210262,12.273976,5.7678304,9.090436,1.5737857,4.742351,-2.9252179,2.5389552,-0.61957407,-0.85297495,-4.638977,-8.248781,-0.81230354,-1.887646,-0.9193217,-3.0197642,2.200599,-0.5324037,-4.020691,-2.1106942,-0.099283084,-1.4407942,-2.8209286,-4.870383,-9.619356,-7.5978384,-3.8799899,-0.8528461,0.42415416,-2.4473197,-2.7743938,-2.711323,-3.6020613,-0.9399971,2.260309,0.39410904,1
27,-565.80334,71.689476,19.402552,30.450758,23.155224,18.848557,8.78915,13.5169325,0.8702562,5.171537,-3.2306814,0.76537937,-1.3529166,0.000362543,-3.9504037,-8.539252,0.008251601,-3.0797677,-3.9777973,-4.0887756,2.6160374,-1.2480481,-5.640261,-3.9825313,-0.29386848,1.045281,-3.2139173,-4.764942,-9.265151,-9.856029,-3.3310814,-1.9164957,-1.304023,-3.4119554,-3.3754146,-2.4462543,-3.1352277,-0.21906441,2.4060311,0.7853366,1
28,-534.0762,81.681046,20.250761,32.148254,23.935156,19.839607,6.2264605,8.217928,2.6513455,2.8719876,-5.140364,1.8704672,-3.2010121,-1.7218244,-1.083437,-9.16062,-2.2344184,-2.1040537,-4.3172994,-5.7019243,2.827687,-0.96637046,-5.492804,-2.8174942,-1.0360469,-0.7475926,-3.6010778,-4.824723,-9.025001,-7.417136,-3.731576,-2.773161,-1.7530013,-3.7594388,-1.9466133,-2.8809757,-3.6696322,-1.4174948,-2.0075104,-2.1127653,1
29,-554.4352,75.13607,20.437672,31.329393,21.592451,16.123337,5.6848745,10.656033,5.096785,4.53136,-1.3743812,3.5829022,-0.9090677,-2.917097,-3.2460263,-8.365402,-1.6964139,-0.55266714,-2.6488001,-4.4592004,2.1322093,-1.7273667,-4.7116776,0.12767537,0.7274007,-0.28066593,-2.7380154,-4.392682,-6.541682,-7.3372684,-4.697462,-1.9383526,-0.948091,-2.8678558,-3.1578188,-3.057338,-3.673571,-1.3846223,-0.80842286,0.006147326,1
30,-548.92334,81.031944,17.760593,29.229036,19.92433,20.187443,8.986751,4.8763843,0.90550923,6.236914,-2.284227,2.9623814,-1.7428514,-3.1397207,-3.4852188,-6.8399363,-1.4257127,-2.9419484,-2.5473666,-4.42923,2.07577,0.8098382,-3.702789,-3.4338567,0.11370901,0.6865806,-2.2738855,-3.6731155,-9.585031,-8.832011,-2.6753647,-1.6518836,-2.2071857,-4.016255,-3.4934866,-2.2108212,-1.7001076,-0.6457577,0.60970634,0.99792963,1
31,-529.618,85.36221,14.1827,32.596703,20.310518,15.157486,7.2096467,7.288176,0.9115929,6.3512387,-2.7114828,3.190609,-1.2377173,-2.3193805,-4.871402,-8.847908,-1.6472818,-2.8645885,-1.4632374,-4.040392,3.9078028,1.5025063,-5.599582,-4.490356,0.6020197,-0.4201383,-3.375884,-3.284177,-8.945086,-9.632421,-3.863242,-0.5489409,-2.3480346,-4.015552,-3.5256376,-3.544039,-1.1315119,1.0851912,0.92614114,2.5988607,1
32,-537.49255,90.37658,22.45593,30.585678,20.925053,17.033506,4.0132513,10.4419155,2.6087773,3.0594695,-4.1513777,2.2309349,-3.557362,-1.2279441,-1.7266423,-7.2318354,-1.0213587,-2.639384,-1.1441789,-4.248254,2.1878178,-2.2996635,-7.3343887,-2.0624568,1.3383011,0.38025296,-4.0451627,-5.911788,-7.965867,-9.179415,-6.859031,-2.7843468,-1.8147559,-2.6691391,-0.305539,-1.1382575,-1.1881527,0.63863605,1.6300166,1.4235649,1
33,-537.53204,85.81265,19.224688,33.843586,22.410078,15.805769,10.316544,9.569551,1.1069175,3.4235027,-2.5159624,1.6535814,-0.8238489,-0.35248214,-2.860708,-5.2375793,-0.21793655,-0.97515327,-1.1626427,-2.9905572,3.5667033,-1.6936824,-4.344209,-2.0177796,-1.1454341,-0.69809914,-2.5818303,-4.1555815,-7.310024,-6.969963,-4.476337,-2.0980995,-1.2896205,-1.4054414,-2.8572776,-2.697115,-1.6045996,-1.5177029,2.3903658,2.5816548,1
34,-552.4629,73.387276,21.427116,31.155384,24.10353,21.693228,6.8117685,8.72344,1.9013515,3.0071359,-5.066715,2.456231,-1.8985513,-1.6756223,-2.1803496,-9.53393,-2.1538374,-1.954079,-3.9718957,-4.8557725,3.351277,-1.1686668,-5.4179406,-2.7827594,-0.4331263,0.7653076,-2.6026351,-4.7745175,-8.423387,-7.801261,-4.542286,-2.798069,-2.183718,-4.4929733,-2.9385254,-3.5690851,-3.268699,-0.017334204,1.1596934,0.6628541,1
35,-563.14703,70.56697,21.480257,31.92339,22.481726,19.425348,6.8329535,11.045203,4.3015156,5.857963,-2.83763,3.465766,-1.1896223,-0.28853565,-1.8884181,-8.00034,-0.44272155,-1.429541,-1.9660436,-4.2949963,1.5693078,-1.581728,-3.9124177,-1.246668,-0.6371697,-0.1878653,-3.864855,-4.3682103,-8.775032,-8.924265,-4.0130963,-3.8411222,-3.060961,-4.932049,-3.199121,-3.6884096,-4.4109325,-1.6357228,1.7205675,0.80611783,1
36,-552.8595,79.71854,21.45974,32.185352,22.080198,16.283247,4.7190337,9.606624,1.9698348,4.971161,-1.1279691,2.7661736,-2.3544497,-1.3214846,-1.5765749,-7.8383255,-1.1877117,-1.9832768,-2.1819212,-4.682331,2.041194,-0.007576634,-5.738124,-1.4546288,0.2784152,-1.2396532,-3.139909,-4.862669,-10.354116,-8.936574,-3.8522716,-3.445234,-1.2953082,-3.0993874,-3.4673147,-3.2542977,-2.3052158,-0.31159228,2.0733616,0.9513114,1
37,-555.0635,73.495384,23.609074,32.92193,20.308846,14.9391575,4.7794557,11.274684,3.0919888,5.015032,-1.3208938,4.5672455,-2.2837417,-3.2260165,-2.679066,-7.860213,-0.55647117,-1.4264348,-0.37868947,-2.4760041,1.7531903,-1.5890422,-6.025202,-3.1411026,-0.41753235,-0.38959172,-3.1587143,-4.4432316,-9.14692,-9.556212,-5.165137,-3.3275185,-2.563917,-5.284942,-3.6996317,-2.5551927,-3.222946,-0.94071746,0.8807853,1.2752761,1
38,-565.81055,76.20842,20.815958,33.110764,20.237602,15.943733,2.352776,7.034706,2.308396,4.385124,-2.6643353,4.387484,-3.415322,-4.029903,-3.0165417,-9.413621,-0.58547777,-1.9308976,-1.4816052,-3.9142754,2.4028196,0.20006984,-5.4883876,-1.9794335,-1.068857,-0.80051386,-3.1009765,-5.3774414,-9.593959,-9.193681,-5.1364636,-3.5171819,-1.9353337,-4.7817154,-3.1596901,-2.9578772,-3.474399,0.75705594,2.4855323,2.724719,1
39,-549.529,83.75426,20.893917,29.613188,20.48688,17.76764,2.5501618,7.842262,0.9667714,5.0453377,-2.824831,5.0503845,-1.6364483,-1.5251259,-2.9584284,-9.270455,-0.6930097,-1.8021884,-1.7270191,-3.0553746,2.7960906,-1.7607272,-4.288108,-0.5321888,-0.16615207,-0.879614,-1.4098076,-3.9094355,-9.867109,-9.3366585,-5.8767786,-4.1513653,-1.8570967,-4.7109146,-3.3311327,-2.484659,-2.8275928,0.65259093,1.405503,2.245967,1
40,-542.75854,74.10846,11.741064,23.034897,12.914109,18.496325,5.234561,7.675319,1.6054889,4.6116157,-0.7537264,1.9854264,-2.5976045,-3.354163,0.34284493,-10.307517,-4.8209596,-4.387527,-6.709239,-3.916611,-2.3539462,-4.2944503,-5.721594,-2.1072915,-1.4942186,-3.611089,-0.76227677,-3.6638112,-6.2301936,-2.682126,-3.3118408,-3.3766053,-1.1866646,-2.5594778,-0.60206574,2.160739,4.8088384,5.5367837,1.4339713,-0.9023808,0
41,-562.6793,82.18389,13.133499,26.94444,17.09156,20.74846,2.9548416,7.0963454,1.156457,4.2496367,-1.8194747,1.268879,-2.2786057,-2.947467,0.8955589,-11.207533,-4.533927,-3.8636208,-6.745967,-4.348842,-4.0948353,-5.21346,-5.876797,0.33948818,-0.35308596,-5.130559,-1.1492201,-5.004494,-6.324799,-2.2717783,-2.0065243,-2.0348318,-1.2930104,-2.6163232,-1.548014,1.8007352,3.4286304,5.259291,2.6920378,-0.96785605,0
42,-544.981,82.92019,7.3821974,27.4979,16.678219,16.179867,3.111254,5.963504,0.9592716,5.2346005,-1.2818574,-1.1479799,-2.830315,-2.0549662,0.77371025,-12.817675,-7.7208185,-5.4287224,-7.183497,-4.2392244,-2.9647381,-4.685612,-5.4561806,0.003443997,0.62583476,-4.4467926,-1.3032404,-1.5200611,-5.0901895,-1.9646908,-3.161277,-4.0107827,-0.9665761,-2.0405786,-0.7188721,2.0659585,4.229497,5.9564166,2.5752969,-0.6701,0
43,-543.3045,72.189186,11.006381,26.769442,15.081501,15.482657,5.4379835,6.2668786,0.044376433,5.71842,-1.0896405,-1.3162374,-2.4754677,-0.7322647,-0.9213867,-13.445857,-2.168102,-2.9864993,-8.160479,-3.6609528,-1.1934807,-2.9626207,-5.0289764,0.76767874,0.9231828,-2.2974844,-0.974258,-4.0802846,-6.321816,-1.9913291,-1.6893246,-3.4403203,-1.3268509,-1.9070092,0.06443417,1.4444456,3.0042627,5.5427957,2.070651,-1.4440671,0
44,-550.7236,91.334694,11.105228,25.450626,14.96575,20.898336,3.8064775,6.4978237,0.4327992,2.931146,-2.6207848,1.5042528,-0.19703299,-1.6458516,0.42787987,-9.610355,-5.16237,-4.0603805,-6.2936563,-6.0282116,-2.3917089,-3.3556433,-6.727032,-1.1325723,1.8930322,-2.559907,-0.23060039,-4.0900764,-5.9938416,-2.2655752,-5.0202665,-2.8499053,-1.1647588,-4.50595,-3.6063576,-0.37783873,2.573762,4.9063177,4.4735456,0.56497854,0
45,-542.81,88.19653,5.050089,20.76268,17.102259,21.940094,6.060354,7.1874914,-1.5326598,4.150135,-2.9419103,0.42230964,-0.03327418,-2.4845538,-1.1855973,-11.028579,-2.538208,-4.692611,-6.4872904,-4.609957,-3.9788668,-2.5339754,-5.5030336,-1.98957,0.41559905,-2.4273329,-0.61494553,-2.700544,-5.0205793,-1.9722438,-1.8227615,-3.7609713,-2.1206121,-3.0723097,-3.9116821,-1.2511756,2.0530329,6.3271065,4.3238974,2.39726,0
46,-516.9762,107.81648,1.1392943,24.579012,18.592178,20.787868,5.2451196,5.027123,-1.4986879,9.484362,-1.3039483,-0.74104154,-2.7027438,-7.373896,-1.8350004,-8.95646,-4.8223443,-5.8905773,-6.6301575,-4.782575,-3.839663,-3.4145236,-7.7148666,-3.3860567,0.9368928,-4.303024,0.16146521,-2.704832,-6.7011952,-2.3833947,-1.9250609,-2.7816174,-1.6389956,-2.3970954,-3.126584,0.104013,2.928991,5.9641232,4.7743626,1.968295,0
47,-541.30505,101.77683,6.8256526,23.875046,20.263096,19.337662,2.0185888,8.304413,2.5641131,3.9884896,-3.4872446,0.05638014,-2.4101617,-5.8483114,-3.9301112,-13.452319,-5.0340204,-4.4248915,-6.5378704,-5.4066086,-3.9551663,-3.4974463,-8.006822,-2.6166904,2.701385,-2.9208515,-2.1814528,-3.305131,-4.5363045,-0.8512579,-1.9956125,-2.1398346,-2.0504763,-3.0215313,-2.8513663,-0.7670249,3.1696384,4.9954953,4.68113,2.23017,0
48,-495.59137,62.648872,16.21367,30.926453,17.079256,8.714032,5.51655,7.02438,1.6696223,0.39730278,-2.378997,-2.3590515,-3.3264902,-4.2360406,-3.433457,-9.581338,-3.198791,-2.8208802,-5.3396173,-2.570615,-1.5170963,-0.07746395,-3.833948,-2.158175,0.9895275,-4.00836,-4.591404,-4.385433,-6.04792,-3.2926538,-3.0188508,-2.0362694,-1.1861798,-1.4281062,-0.3414361,-0.46009555,-0.98732066,0.28416434,0.6696033,-1.3354881,0
49,-519.53906,76.179436,15.294267,27.180758,17.747408,15.814618,6.728738,9.592993,4.3756995,3.6045952,-2.3826168,-0.59690964,-1.2021788,-3.9902456,-2.60663,-11.761862,-5.034817,-4.080742,-5.794515,-4.1530724,-3.6658864,-0.7549001,-4.880854,-1.6731031,1.8198726,-3.0115151,-1.8707705,-2.9835734,-5.9885154,-3.4281433,-3.0240057,-2.5146174,-1.0167625,-1.144461,-1.2640156,-1.1166854,-0.40681523,1.0954769,-0.33369198,-2.870624,0
50,-537.01025,106.4239,-5.5188856,17.574461,20.312958,17.791262,8.823642,12.357397,-2.7051995,7.3526864,8.482572,-0.8420657,-9.209341,-4.8597636,2.7543466,-5.5781484,-3.5125546,-7.082747,-10.022134,-7.718868,-1.8021597,-1.9037945,-8.985506,-2.5875835,2.3830702,-6.028555,-3.6539652,-2.4405284,-6.7961493,-3.7001803,-2.136348,-3.639035,-4.7014885,-4.565227,-2.064939,0.05266337,0.13136315,5.283737,7.643547,0.7936933,0
51,-545.14685,92.780174,9.899277,28.28012,12.643491,12.404783,3.819179,5.1437984,-5.3981013,5.87556,-3.0206623,-4.61918,-4.6565557,-4.5085955,-3.865603,-11.372803,-4.5483856,-8.108913,-6.7832074,-3.1894712,-3.4247801,-2.4158478,-5.022115,-1.6594992,2.61147,-0.022065867,0.61118543,-4.0302396,-4.2661066,0.5929044,-0.7909731,-0.36825457,0.063322745,-2.8660312,-1.202131,-1.5482337,-0.54430497,5.165917,5.1591325,1.564963,0
52,-533.51935,94.073906,3.5304294,21.533154,14.527681,14.2196045,0.9489407,10.0806,3.4629376,2.9352117,-3.6057618,1.2755071,-3.3143039,-4.531375,-0.70606667,-7.582891,-3.7330327,-5.0439262,-4.555342,-4.328662,-4.1389422,-3.3265855,-4.2381916,0.11277886,3.3219228,-0.40170372,0.54591507,-3.4562297,-5.0950165,-1.1058264,-2.6360521,-3.51286,-0.5293366,-1.7849599,-2.4934626,-0.4121052,1.6741906,4.4701385,3.2242672,2.1235752,0
53,-515.7557,103.01032,-9.779661,18.870016,7.9489603,11.208503,9.887088,12.898963,0.14213808,10.236235,0.46863866,-6.462702,-7.705764,-3.4873254,0.7666578,-4.2157855,-0.01973249,-4.2970805,-4.862203,-6.643627,-5.355967,-4.2931094,-5.4616804,1.3955554,1.4657768,-6.673983,-1.377766,0.6798957,-3.5172482,-5.2368994,-6.96986,-0.8515794,3.0627398,-1.5375684,-2.7064302,-2.0698974,-1.7696376,2.2423062,6.8382273,5.7776976,0
54,-363.58017,131.5972,-18.467575,35.959766,13.237637,13.344056,-14.746864,9.541906,-1.984849,10.008892,-3.4143746,-0.81579345,7.067802,-6.9529176,0.5663447,-0.23671804,-6.753181,0.5606003,0.3853463,-8.98026,1.9638137,-1.240565,-2.1289134,-3.0411386,-0.24430929,-4.9676576,-2.168988,-3.3168113,-5.033906,-1.2475051,-3.856383,-0.028340245,-2.5966792,0.07427697,-1.7828158,-1.1345416,-1.8179716,-2.5543396,-0.46030766,-3.0120947,0
55,-425.75974,119.22217,-8.669272,26.897066,10.202216,14.177108,-10.490459,7.3647995,1.0161605,10.031315,-6.301975,-1.1421661,6.5114484,-1.1223097,-5.7208056,-1.7575605,4.860867,-5.258694,1.7447156,-3.6516714,-1.6606354,-0.45600656,-6.8737636,-3.8109047,-0.18454485,-2.1251795,-2.0332599,-3.2069633,-2.7321403,-1.5637091,-2.225057,-1.6254942,-1.8822194,-2.0802336,-1.0952322,-1.246303,-1.4665697,-2.0219927,-2.2157302,-1.9437714,0
56,-408.14215,120.3442,-13.944227,29.34053,6.230322,15.762102,-9.769264,9.649706,-2.3912582,8.982042,-5.058544,-1.1792294,5.2104135,-1.4378878,-3.287295,-4.746837,3.5630856,-5.4319744,-0.2703142,-4.8525925,-0.7853896,-1.3436799,-3.982234,-3.3112228,-2.9561577,-1.0050279,-2.5444107,-2.1698258,-2.0986419,-2.139242,-2.9884872,-1.9176897,-0.010538307,1.0614586,-0.9476071,0.5246033,1.9038291,0.25811756,-0.16236068,-0.82156855,0
57,-441.84976,107.83424,-1.4852289,12.421052,8.985823,15.117094,-2.0973012,4.6133566,-1.4098614,11.030887,-0.61997193,-3.915943,2.840461,-1.8324833,-1.2760191,-0.06008189,4.8059196,-2.349329,-2.6484518,-2.6469235,-0.87164533,-1.7585486,-4.9043336,-3.201714,-0.50611484,-1.4415717,-2.363796,-2.8583338,-2.3505774,-0.605244,2.2110674,-0.6160723,-0.631208,2.236316,-1.4865785,2.2872057,1.6812713,0.3915987,0.18457365,-2.9064903,0
58,-452.69763,104.34026,-7.247109,25.95431,-7.387315,18.396303,-0.37297645,10.410923,0.66773796,13.345719,-3.2488842,-0.51108843,2.8034704,-2.1076946,-1.2687633,-5.8570886,8.939575,-3.3883996,1.3191214,-2.624576,-3.039013,0.11344223,-5.1318607,-1.7860042,-1.6084441,-2.1621997,-2.7604792,-3.0705447,-2.6935143,0.44506732,1.9086447,-1.4671248,0.23443891,-0.23183958,-1.4061545,0.7452826,-1.6586161,1.955936,-1.1621419,-1.8372064,0
59,-424.87445,97.30678,-3.9290688,16.909637,5.864104,8.979709,-5.9619884,9.472538,1.8839378,3.513926,-6.3383207,-0.7415739,0.9169664,-1.2808212,0.99166095,-2.7761178,2.3941336,0.56575257,0.3451515,-3.6168463,-3.1174452,-1.6041658,-3.4716754,-4.523163,-0.80057454,-2.7602606,-4.671083,-2.5617447,-2.6190302,-3.3161163,-0.8810244,-0.52950567,-0.7523704,-0.11411067,-1.2115695,0.5088484,0.9074874,0.16614293,1.0732024,-0.539352,0
60,-444.7825,102.36339,-14.46341,24.598919,6.7165327,3.5813155,-2.4372027,13.981669,-7.133203,6.9771223,-4.068485,-1.1002765,0.5436617,0.6209827,-1.8849773,-1.566915,4.287582,-0.9092905,-0.26520473,-4.7595067,3.2691417,-1.0658693,-4.3261466,-3.9076574,-1.361436,-2.9609694,-4.2154627,-2.229403,-4.5322986,-3.84263,-1.1906936,-0.54328245,0.23492314,-0.74586195,-0.37835598,-1.2185735,-0.89562577,0.08168819,-1.839891,-0.26968682,0
61,-417.40274,113.839806,-12.644128,16.22638,-4.02498,10.059229,-3.3781807,12.814706,-3.52923,0.04892226,-4.842133,1.9917331,3.173251,0.5259106,2.0364647,-0.4185666,-1.1926827,0.53253067,3.1314063,-4.8721294,0.095631145,-4.4046702,-5.8509912,-3.989253,1.0659294,-0.38312665,-0.26537558,-0.5531185,-3.3011506,-4.7830944,-4.459871,3.9774852,3.8639302,-1.0086716,-1.157117,-3.6455073,-4.890626,0.53698367,1.4852784,0.5699567,0
62,-420.82578,103.35951,-9.283472,29.569742,-1.0772774,10.195433,1.4707853,8.741483,-5.6789455,8.752539,-5.5751247,-0.09092345,8.064966,-2.821952,-3.3796647,3.3556285,1.714723,-3.2558944,4.922648,-6.4692225,-2.253217,0.12343958,-4.761819,-3.594247,2.3443325,-0.12642494,-5.4622545,-0.543892,-3.1780872,-4.7448645,3.2254057,2.2707086,-2.3240607,-1.6622711,2.0607574,1.0273964,0.40138972,1.9973496,-0.98402005,1.2344646,0
63,-428.18085,94.18458,-11.114499,32.045734,0.39655292,5.160688,3.1049829,15.56435,-10.054922,7.476267,-2.7764363,-5.625553,4.091394,-4.882564,-0.5770159,0.71882266,-0.9663208,2.7220204,3.3629422,-4.3671985,3.1883986,-2.0211434,-3.7067316,-2.8390682,1.9936877,-2.6361783,-4.4039044,0.05683001,-4.419073,-4.5930514,-2.6686625,0.79565835,-1.328255,-0.43708098,-1.0031847,0.6128188,1.5654684,-2.5422387,0.68048173,2.7316177,0
64,-430.8382,97.84764,-2.3514783,19.340902,2.344357,11.043989,2.5961192,7.9218926,-4.6533427,7.1947293,-2.7148955,-4.405195,3.2088604,-2.3334076,3.0641267,-1.843515,-1.1155565,-0.20036446,-3.0764484,-3.296142,-1.7144957,-2.6560402,-3.2796574,-3.6485085,-0.6224071,-0.16669558,-2.1833613,-2.3512912,-2.6564267,-6.794149,-2.6645672,2.0164416,-2.1383963,0.62555426,0.7331608,-1.5339447,0.21711303,-1.3301841,-1.6959175,-0.34350488,0
65,-415.53622,99.43542,-10.593235,24.212454,6.572539,9.406087,-0.4536682,11.672403,-6.5565963,5.914414,-2.5791044,-1.9110367,4.917593,-1.2155062,-3.9521692,0.484661,0.5607341,-0.3645896,0.4060917,-7.2683954,-0.49194622,-2.2089107,-3.2853947,-3.8581128,1.2731513,-3.2499843,-4.729591,-2.9107428,-5.8877563,-2.1268582,-0.95261264,0.4193397,-1.0953783,-1.8104398,0.40382373,0.51123714,-1.2502251,-1.7115359,-1.1676946,-0.6712532,0
66,-456.7539,105.88767,3.122705,15.052429,7.679123,8.715142,-1.5244352,12.4169655,-0.5361955,3.0262644,0.53660434,1.9983438,1.5537088,-0.9070181,0.6688299,-0.8027237,0.9395187,1.7080916,-1.9527034,-5.2237463,1.1368067,-4.5139995,-5.6033993,-3.3340964,0.50788915,-2.3865545,-3.0546784,-1.5785296,-4.696135,-2.3073404,-2.0386238,-1.1171376,0.16629142,-0.7844465,-1.8640745,-1.36551,-0.94449675,-2.337103,-0.7677638,0.047833808,0
67,-471.92636,104.21802,-4.9209905,17.346619,3.6804683,4.890561,1.4254916,12.809361,-4.1045628,5.356264,-1.6022104,-4.127321,5.084534,-0.9481464,-0.80167764,1.3187641,-1.7368418,-0.013948764,0.1478435,-4.0587654,1.8889687,-1.466163,-4.888376,-4.057201,0.7310284,-2.709801,-0.9253826,0.79517543,-1.394761,-1.928507,-3.9427414,-1.2237568,-0.56433505,-0.23023294,-1.1893991,1.0219729,0.3874257,-0.85712,-0.1487935,-0.94390494,0
68,-453.54388,118.3397,-25.941368,33.92213,-5.1024804,9.575895,5.7376,11.300384,-9.2698,9.212057,-1.0438141,-6.933771,7.9265437,-5.484917,0.9088542,2.7282493,-1.6345053,2.0367405,3.2157052,-7.6106086,0.08762512,1.1609112,-8.565624,-3.1535428,2.6667068,-7.840501,-4.661472,0.45090252,-5.4774013,-4.5546947,-1.158081,1.4228227,-1.0128255,0.70918846,-0.81219995,-0.91210175,0.9330452,0.27634957,-0.6898001,-0.23275903,0
69,-414.64862,93.67536,-4.698838,21.34657,4.6450496,5.512966,0.5963233,10.120923,-2.5268617,6.3797946,-6.3172774,-0.90861255,1.7353702,-1.2709745,-0.79410213,-2.9589207,2.0398014,-1.2047291,-0.24111927,-5.196903,-1.1796873,-1.3344866,-5.024278,-2.8929849,-0.59394276,-3.6913137,-4.6463637,-2.7539978,-2.837552,-3.6855671,0.21775375,-1.032684,-0.8023452,2.409862,-1.8439567,0.07187262,0.65130115,-2.376091,0.25303903,1.0538247,0
70,-421.34616,107.37812,-0.088645585,13.134362,6.67668,10.593204,-6.149111,16.758871,-0.52414286,1.3381709,-4.4474573,2.5318701,-0.3730935,-1.3308764,-1.605445,-3.986766,3.6606326,-1.6347828,-2.197375,-5.5809207,-1.6449493,-1.9983424,-3.2474244,-0.93557316,0.994304,-2.09488,-5.4876814,-1.9877969,-2.45745,-4.051535,0.13047194,-1.5913042,1.5322652,0.36165658,-0.57166845,2.0639465,-0.17449264,-1.0466084,-0.93602896,-0.5524957,0
71,-391.97812,103.85472,3.1336713,27.016489,4.9012666,11.127488,-2.6169431,18.303123,-5.333219,9.031087,-6.95079,0.97947997,2.6577115,-4.7392383,-1.3546818,-3.2683039,2.6413198,-4.2545495,0.37833956,-7.7616134,-4.170241,-2.3241868,-7.944426,-6.7587748,-0.18598633,-2.895791,-6.162747,-0.88479394,-4.822257,-5.2188325,-0.3604986,-3.2355783,-1.0151188,0.23493958,-2.0210662,-0.8888074,1.1530393,-1.4010115,-0.77119994,0.6760711,0
72,-429.52725,113.902,-5.250735,26.430141,7.1698804,12.614248,3.1299558,14.312788,0.96666515,5.901916,-4.0197206,-0.8972371,0.48917875,-2.67138,-0.23041023,-3.9973693,1.5354187,-2.5463848,-2.7989376,-1.6846141,-3.5360718,-3.3734872,-2.8128867,-5.1028733,-0.16079788,-3.1269019,-3.5797746,-2.039594,-2.8994856,-2.8411958,-2.8520043,0.7802557,0.40143913,-0.2953003,-0.008120757,-0.2043197,-0.57715327,-1.0848035,0.06958147,-2.1575005,0
73,-445.2405,117.14639,-3.5951264,18.162094,3.9972432,11.257745,-6.0869017,16.162777,-3.5331104,4.6847777,-0.082278445,3.9951632,3.5154207,1.4519122,-0.5007115,-1.4403511,-0.056788635,-2.3520083,-0.8101385,-6.0153966,-1.5841553,-2.0068974,-1.207718,-2.4166658,2.415322,-1.5736508,-2.3329074,-1.4576479,-4.5299683,-2.6234097,-1.6998166,-0.57364243,1.3475945,-1.399143,-2.3135376,-0.40025234,-0.35903764,-1.0306985,-0.5624863,-0.45892552,0
74,-426.51382,107.278336,-6.4196734,24.314484,5.7050085,8.694679,2.214048,12.665467,-10.090007,7.2089458,-2.1815689,-1.4544866,3.5336702,-0.7270801,-5.0607386,1.8456048,3.0900602,-2.365087,2.4390433,-5.109543,0.3337197,-1.0558956,-3.0278223,-2.4522758,2.2490551,-3.1031213,-4.007917,-2.2595916,-5.222603,-2.5710607,-2.3329177,-0.7315152,2.4498353,-0.11277642,-0.28526634,2.596288,0.6230068,-0.82600605,-1.4224831,-1.7570568,0
75,-418.90244,138.49164,17.690172,34.270096,12.789532,10.627838,11.1833105,10.231786,5.2460876,5.056509,-0.18058619,-5.380586,4.5153995,-1.9320483,-4.495197,-0.9913329,-7.144982,-11.120483,-9.836161,-10.333915,-4.8299904,-0.77389026,-7.8275304,-8.5300865,-3.6036222,-5.6255946,-6.3151956,-1.9344195,-3.709665,-4.7479334,-2.0058637,-1.4189056,0.25405225,0.44617254,-0.48256648,-1.261582,-2.7493014,-1.1150048,0.21951537,-0.7954998,0
76,-447.88727,110.061646,11.343785,27.912136,8.70407,7.8115273,0.5324409,1.1087235,1.1410553,2.3411458,-5.5739007,-3.2732487,7.4182167,-1.3652893,-5.1081634,0.5320478,-2.4369276,-7.1185856,-3.838517,-8.324587,-6.336991,-2.889699,-5.5734596,-6.512209,-3.514101,-1.5101013,-3.0440931,-2.009527,-1.4639113,0.3147981,-0.6144603,-2.2748547,-0.6345351,-0.9638655,-1.9856817,-0.06491746,-1.1705012,-2.006599,0.4546538,-1.14372,0
77,-452.9878,114.78535,-0.6030081,29.59263,8.223984,5.5265646,2.755042,3.8204875,-1.1020199,2.5483356,-0.3132284,-3.9387653,6.695429,1.1507059,-4.193587,-0.001691672,-1.0663688,-9.426727,-5.9882855,-7.045087,-6.3340807,-1.4608861,-6.6278143,-8.787052,-5.0242133,-3.6185083,-5.499971,-2.4699523,-1.9279349,-0.37825528,-0.38578093,-1.9477321,1.1952524,0.20868365,-0.4222536,-0.027205277,-0.8989841,-1.6999006,0.038273826,-0.5347954,0
78,-437.57394,108.51455,-11.526526,36.180748,-2.288579,0.47968015,12.799895,1.6436267,-6.503101,10.938376,-2.469927,-10.160193,10.592845,-0.000289917,-6.16216,2.050196,1.1923556,-10.391395,-7.3280764,-5.5039625,-5.8538,-2.7614334,-4.94819,-7.133887,-5.41722,-2.3459816,-4.9855423,-2.3189058,-1.5298823,0.9612192,0.8710987,-2.4980524,-0.95126975,-1.8805089,-2.5828462,-4.105916,-0.7131843,0.839919,-3.1137683,-0.75282294,0
79,-477.81384,114.27679,0.2827848,21.896885,6.2401114,6.5452533,1.4685472,1.7099452,0.29352143,1.9675143,-2.0854654,-2.8614395,7.985038,1.1214911,-2.8417199,1.1379653,-1.2828922,-7.868864,-4.901715,-4.6895905,-5.204815,-1.4379569,-3.8520248,-6.0575385,-3.0016458,-3.7323127,-4.8041387,-1.5205997,-1.940692,0.9090075,0.2613821,-0.1115448,1.9222238,-1.6223514,-2.5078807,-3.2581592,-2.3149583,0.35077557,-0.3132907,-1.1718985,0
80,-478.54916,110.49108,12.737622,17.792683,6.3725333,5.8450522,-2.9397593,3.1906986,5.0922704,2.6493263,0.58231,-1.6762477,5.262911,1.1607008,-1.4925145,0.85393083,-1.4066366,-6.0376463,-6.461884,-6.100603,-4.601482,-1.7637649,-2.8036118,-5.3231635,-4.0912323,-3.8635314,-4.606193,-3.1084468,-4.4177065,-2.540549,-2.069951,-1.3250154,1.1716168,-0.50597835,0.65445906,1.3344182,0.4830279,-0.5195717,-1.3970524,-1.2538694,0
81,-466.70193,115.42899,7.6626387,21.774197,4.943195,10.059071,2.4242325,5.928204,3.277518,3.7634428,-1.1950023,-1.9951787,6.8956714,-1.4026997,-2.5508547,0.34285712,0.7325391,-6.7259583,-7.5450225,-6.5105057,-4.297563,-1.3522843,-3.8492422,-4.962873,-5.95485,-4.7391562,-3.800617,-2.7484603,-3.673991,0.20229527,0.39297292,-0.5294939,2.286934,-0.015275449,0.34190163,0.01626587,-1.6296506,-0.4967758,0.104213126,-2.2508512,0
82,-433.74045,97.0446,12.343921,12.843983,-1.536953,4.0933685,-0.91520655,5.7692537,5.2358603,0.5021481,-2.3457565,-6.6160192,2.521971,-0.6018929,-1.1154863,3.2175322,-2.688068,-11.684496,-8.9618,-1.0804948,-1.2670612,-0.9577074,-4.225043,-6.3888125,0.26354703,0.7377748,-1.4864961,0.54844123,-0.40517566,-1.6684804,-3.6397827,-3.136574,-0.26027632,-1.9184055,-2.5291197,-2.031628,-3.2639325,-1.8713318,0.92115885,0.3910256,0
83,-454.23065,113.87866,3.6015851,17.003996,6.2109694,8.332362,-4.9636135,3.2717507,3.4154177,-0.5055726,0.23062733,-0.9426432,7.285887,0.6444318,-2.1089585,-0.017198415,-2.6103208,-6.884692,-5.9115987,-3.1182716,-4.4696994,-2.7396781,-3.4304562,-6.8033214,-4.365551,-2.4656146,-1.2825066,0.99551123,0.18849127,0.016442519,-1.3922297,-0.98927754,1.1842855,-1.536493,-2.2384722,-1.005635,-2.631426,-1.8818977,-0.18372874,-1.1313624,0
84,-458.46225,107.85533,7.3645177,19.408691,3.832814,8.484487,0.31698373,3.035587,4.527893,1.830046,1.3597535,-0.065920904,7.4538283,-0.29043466,-3.934961,-0.17004724,-2.660269,-7.073706,-6.202404,-6.0740776,-5.725742,-1.8504553,-4.1146345,-6.0315294,-2.6643305,-1.5075489,-2.3996606,-0.58273596,-0.84594184,0.91554165,0.19346958,-1.7598249,0.2452949,-2.7729068,-2.9262264,-1.126983,-1.4279252,-0.8997425,-0.9925497,-2.1268766,0
85,-453.41202,115.30172,-6.352032,25.15708,2.3369563,6.3779993,-3.3805897,5.1283937,-0.7405893,2.240251,3.5136223,-8.193169,2.3001506,1.9792001,-3.764063,-2.3990068,0.44870794,-7.044112,-9.162602,-5.605061,-4.411718,-2.7256327,-4.2087736,-7.662725,-4.344244,-2.3346999,-2.361511,0.64686584,0.14172833,2.0115545,0.47907728,-2.2533283,-0.25779232,-0.72740436,-2.0580661,-1.0592282,-1.0659175,-0.2586263,-1.2117978,-2.2891638,0
86,-461.08838,115.4584,8.356725,19.569086,5.0616612,6.4663267,0.059807412,3.6583366,1.4180853,0.73975796,1.6882858,-2.4841077,6.0265512,0.53052086,-3.2859108,0.23804022,-1.2568768,-6.079344,-8.318594,-6.8048067,-4.855588,-2.2715695,-3.7014935,-5.40511,-3.6819336,-2.824172,-1.1630968,-1.2064056,-2.403086,0.9020732,-1.3418903,-2.20977,1.843027,-0.8151113,-2.0235798,-0.42831713,-1.4010102,-1.7270634,-0.6451374,-1.2923808,0
87,-474.81317,108.657394,13.066497,18.864712,2.5542414,5.0108633,-6.1974707,0.92944854,2.01106,2.8636615,1.2278498,-2.8711212,6.312148,0.47231632,-3.4167073,0.41044554,-1.0995537,-6.2610006,-5.0033402,-3.3810904,-5.330444,-3.5270078,-4.468262,-8.063777,-4.4494324,-1.9406866,-0.58522165,0.49536544,-1.3106823,0.002284241,-1.1012458,-2.2905774,0.598428,-0.64864296,-2.0726507,-0.35788032,-1.9221342,-0.90642285,-0.8821654,-2.592832,0
88,-472.93018,107.68708,8.118865,14.999783,3.661035,6.175889,-2.2207894,1.8872442,2.4129775,2.7446866,-0.4882776,-3.0702293,6.125211,0.20239615,-1.7659886,1.3666126,-0.8351822,-7.1643467,-7.366027,-4.858787,-3.0595481,1.3631492,-2.048987,-6.1301737,-4.8830256,-3.9817622,-2.2381144,-0.7658234,-1.6165133,-0.8989609,-0.27492318,0.37129903,2.2333446,0.93658423,-0.7212744,-0.541552,-1.4254925,-0.7895564,0.23529395,-0.97875106,0
89,-460.4862,107.91684,10.606854,16.469301,5.4749875,8.17812,-1.0037837,4.5427303,3.1236506,2.5597212,0.8069163,-2.5988328,5.5679216,0.57735634,-2.6888006,-0.30545273,-1.6703398,-8.116312,-6.72212,-5.7217255,-5.9789443,-2.0254037,-3.481081,-5.9750066,-4.388436,-1.5734817,-2.9641457,-1.6087848,-0.7736729,-0.8265321,-0.3337922,-0.40503868,1.5931815,-1.4452184,-2.7286625,-1.9131771,-2.5477586,-0.9024346,-0.028428195,-0.06875619,0
90,-451.96756,125.40394,2.2175422,17.47805,0.33452696,8.765768,-1.3176578,7.32186,3.369137,1.1928651,-1.335084,-6.842618,5.93646,4.596818,2.220683,-0.11174281,-2.336358,-8.60481,-6.671349,-2.2922857,-3.250384,-2.8193984,-6.799681,-8.805422,-6.6126494,-3.5128882,-2.2961774,-1.6936922,-4.104728,-1.5959282,1.1640892,1.9585078,4.560759,0.2354961,-1.1034864,-1.7852737,-1.9780581,1.0055518,0.21542361,-1.497386,0
91,-472.7628,117.78235,3.6117637,14.416527,-1.3384564,9.729994,3.9241598,6.060764,6.581318,3.6549401,-1.687437,-3.670353,6.207532,2.5328717,1.0113428,0.85621816,-2.4562466,-7.2617292,-6.8497486,-4.9893875,-3.6183336,-2.0905857,-4.3366585,-5.6152587,-6.0758743,-4.655484,-2.2797623,-1.4073597,-2.4555564,-0.93516845,-0.8923951,-1.5005099,1.4400783,-1.4960155,-3.2241077,-1.5485457,-2.8771982,-1.5908515,-0.7391815,-1.717468,0
92,-439.6924,114.92273,3.1235335,40.867195,3.8417325,1.0676719,10.413335,2.0454829,-5.7246556,9.360198,0.92009807,-6.915311,9.335611,1.6618919,-3.2996678,1.4245106,-0.5636982,-8.883671,-4.8438993,-3.5623868,-6.961548,-2.1925168,-5.1460414,-9.693467,-5.6771593,-4.4910183,-6.1477027,-3.0337217,-2.6684086,-1.8424023,-0.87175775,-1.0004407,1.2257713,-0.41565,-2.206646,-0.3215472,-1.1218817,-2.175059,-0.5178197,0.15660715,0
93,-455.02164,105.95723,6.151648,27.393307,4.256566,4.081668,1.603903,3.6432917,-1.9457176,5.0539675,0.7595978,-4.5110617,5.4042425,-0.00312007,-2.668247,-0.691136,-0.9328334,-7.1943655,-5.7163444,-4.5164175,-4.1084633,-3.1631765,-5.3349123,-5.2912073,-4.998537,-4.4537888,-3.6438007,-2.4273462,-3.636984,-2.058289,-1.6074396,-1.6809717,1.2403145,1.3205528,-0.45131114,-1.2440069,-0.5066734,-1.4833585,-2.5096989,-0.6038483,0
94,-423.35352,113.41245,-4.779215,42.68495,5.371929,-1.1167879,-0.5709117,10.616884,-10.1482935,1.7877116,2.6989317,-8.903506,3.055633,3.452705,0.33067527,-3.7306812,1.2473154,-4.3083696,-7.5328145,-5.049407,-3.8764946,-5.591013,-4.550443,-7.6556816,-7.4022074,-3.9318726,-6.448921,-4.2873225,-3.2572773,-4.543103,-4.206973,0.9563446,0.83736527,-1.9806225,-0.9688717,0.8047099,0.30084985,-0.23479661,0.20295386,-0.813787,0
95,-450.05188,120.03073,9.8671465,22.105991,2.9814682,6.679769,-1.4646491,1.6438425,2.2131188,2.7234797,0.043497615,-2.5183542,8.313563,0.7039301,-2.8725438,-0.91837406,-1.5830768,-6.846828,-8.08305,-5.1387134,-6.3907504,-3.731781,-4.283137,-7.271568,-3.8593876,-1.8652558,-4.9513025,-2.8574417,-0.96105075,-0.92438275,-0.24988817,-0.86824566,-0.94833326,-1.9733225,-2.2845416,-1.6642349,-0.13706519,0.10568231,0.28462777,1.2660464,0
96,-480.5533,72.17515,2.8466506,31.193192,13.20233,6.456314,-0.75265694,0.010882041,3.3251305,-4.9185038,-0.91319084,4.196972,-2.7227213,1.0786269,-0.5165428,-6.612131,-2.3696995,-3.0044696,-4.612362,-3.2015,-0.6899113,-3.69109,-1.30905,1.7034426,2.295212,4.93746,3.6980581,1.0695438,-0.6072512,-0.9745883,-0.48935688,-0.22879365,-0.9449622,-0.65639955,-3.337696,-1.5985957,-0.28543618,-2.1230562,-1.1475606,-2.0681715,0
97,-456.82785,58.53392,1.8567854,29.093546,9.8477335,3.6768708,-5.660086,1.7793268,0.41623124,-1.840986,-3.8194935,7.9900646,-4.2619114,1.2793165,-1.1747433,-8.44406,-1.7218746,-4.395132,-3.801874,-4.46449,0.52442986,-4.5455484,-0.26898527,1.8559825,3.3373332,5.2620587,6.0299664,2.4396806,-0.9837954,-0.42794695,0.1636491,0.2739015,-0.4149913,1.3740181,-3.8477995,-1.5125691,-0.6901381,-1.640522,-0.43825915,-1.1046546,0
98,-458.16617,70.981026,-1.8369179,29.304993,8.736781,5.710377,-4.249986,-0.637306,1.8929621,-3.4828491,-2.5286582,1.7328968,-2.7782245,0.41887325,0.94553894,-7.535801,-4.030911,-4.27529,-5.312843,-3.6123009,-0.42505574,-4.563461,-0.9823857,3.3518863,3.5819786,6.029083,4.4433846,3.3955185,-1.9002067,-1.397583,-0.047078237,-0.88165766,1.439186,0.81151175,-2.1333487,-1.3827599,-0.3524833,-1.5749037,-0.5346356,-0.22060212,0
99,-464.07263,59.253044,3.4495497,27.58812,9.772174,2.8778892,-1.8231703,2.3619573,-0.21169858,-0.37446055,-4.458143,7.103877,-1.1301155,3.0202765,-1.0701141,-8.968728,-2.6776729,-4.564059,-1.7832547,-3.324799,-1.5330523,-4.370737,-2.0750709,0.42516854,4.4054675,4.2187443,4.1933737,2.88004,-0.90830487,-0.57539415,1.7797525,0.70200384,0.06181969,1.7757328,-4.296457,-1.2453297,-0.08509442,-2.108019,-0.2230993,-1.0830262,0
100,-470.06824,71.39088,1.5019878,26.65166,11.499716,5.9951725,-2.260905,4.5450945,-1.3290374,1.9895092,-3.585615,4.997196,-2.5926695,0.65293217,-1.480965,-8.719319,-1.9234904,-3.0075445,-2.5711389,-4.1168246,1.0486736,-5.11274,-2.7584405,1.0134873,2.9432657,5.289634,4.996876,4.987619,2.257379,-0.109219715,0.4748892,-2.3938677,-2.5708323,0.45565435,-2.8565238,-0.5935197,0.40378162,-1.11772,-0.757111,-0.07764936,0
101,-464.02417,72.10308,2.3880255,27.62118,12.215373,5.595646,0.6245655,4.1371403,-2.2434628,2.633989,-3.6761863,4.1544285,-1.2616699,-0.015113259,-2.6983178,-7.6853347,-2.5338976,-4.5168614,-3.4279857,-4.598403,-0.7637464,-5.751029,-2.1519837,1.4233316,3.9469295,5.293082,3.1327248,2.173618,0.9033872,-0.39722037,0.40290785,-0.9419684,-1.4284705,0.22772469,-2.873592,0.8107525,0.8143997,-1.0688685,-0.94352597,-1.9216552,0
102,-455.844,65.14122,-0.6476891,30.410284,13.295994,1.4025196,-0.3043647,0.026314486,4.1724544,-4.7216635,-2.0180922,3.0803003,-1.9806044,0.8813522,-1.0811018,-7.8812575,-3.3633225,-1.9642768,-5.3731256,-3.5019574,-1.4765496,-4.260624,-4.1931744,0.2598222,2.6147034,2.6552105,2.9087496,2.4950259,0.12092755,-0.51763624,1.2311516,0.15416288,-0.44838467,-0.27282774,-3.1277244,-0.3896055,0.30268893,-2.0479612,0.12218681,-1.2782159,0
103,-439.86832,70.2937,-13.029032,35.6372,5.952359,-4.2999516,5.4720397,2.0987513,-11.029115,6.2361293,-2.4008794,-2.1667867,0.9672594,5.020565,-5.7090697,-3.508523,4.083313,-8.047298,-2.6088758,-1.6464353,-4.0645905,-6.121105,-0.49507633,1.1202735,4.445556,3.25852,3.2034562,5.528018,1.7354966,-4.610744,-4.890414,1.8836008,3.734357,-0.35461736,-4.2883425,-0.5368907,-4.6271815,-6.161427,3.9156,4.870822,0
104,-450.86673,63.808743,2.0969296,32.31153,10.854973,1.9027829,-0.4441101,3.2334142,0.55823284,1.087803,-1.027331,4.4588213,-4.049046,3.0515878,-2.0830066,-7.702674,-1.4471031,-4.6322837,-3.9191973,-3.9773705,1.7724724,-3.1332934,-1.479972,-0.05412175,0.45859727,1.3568873,3.4459305,2.5849347,-0.55092764,0.21468283,1.3939898,-0.21879818,-2.0839438,0.5642997,-3.3801053,-1.1728492,0.81977195,0.1398397,-0.19982286,-1.8363374,0
105,-473.4066,68.844635,10.731555,28.641954,12.6948595,8.692077,-0.93105495,3.2526278,0.9035641,0.10649684,-2.0665205,7.4274817,-0.3967339,2.8368201,0.3613576,-7.3323693,-2.134644,-5.2235613,-5.60849,-5.8565226,-1.7480847,-4.327295,-2.8513572,0.23487115,3.9262695,3.948697,3.9079452,3.4382772,0.919026,-1.0115708,-1.1546715,-0.8613117,-1.3725594,-0.056629006,-4.045386,-1.3185111,1.0798638,-0.52829206,-0.7738206,-1.3823395,0
106,-464.11227,88.79004,1.5160804,30.60481,12.982364,5.8258777,1.7376019,0.5507977,4.037291,-1.5288541,-0.111147515,6.4100294,0.9556375,2.3682053,1.5195334,-8.056601,-4.319363,-4.238507,-7.0234714,-3.734318,-1.0254934,-4.349374,-3.625209,1.2794838,2.9133635,3.3377752,4.9964237,4.2486906,0.13005348,-0.41773283,-1.2045351,-1.6910458,-0.41649628,-0.7900211,-2.1521173,-0.40410563,-0.9392916,-2.396777,-0.36744103,-1.3018837,0
107,-464.0687,81.91983,4.863047,31.057447,10.724322,7.871048,-4.144749,4.8439984,-1.0472921,1.2490679,-2.6161406,8.020442,-0.8579454,3.6320875,-0.7885238,-8.881781,-1.2563416,-4.0691047,-3.711094,-5.2232084,1.3860343,-3.5388327,-0.38997766,2.309407,3.8278677,4.5524197,5.398263,3.930734,0.25886452,0.34111863,0.7811991,-0.8085245,-0.015891831,1.1477609,-3.6066194,-1.0051093,-2.1483955,-1.8954215,0.007565865,-1.9101987,0
108,-458.21924,66.38615,3.7883868,27.97995,9.721823,0.41638568,-4.357954,0.78310126,-2.2643893,1.7212539,-4.6637287,8.291633,0.075875506,3.3128915,0.42126605,-8.876638,-3.4200017,-6.289782,-4.56268,-4.8630705,-0.02064583,-3.316541,-0.16566192,2.4026732,3.9698622,5.279743,5.9998865,3.684307,1.4564289,0.045432456,0.006456522,-0.42497972,-1.0677961,0.123074524,-3.637159,0.62061805,0.58528465,-1.1935148,-1.6585232,-2.4681196,0
109,-459.47836,66.020355,2.261526,26.313614,11.2680025,7.5680513,-1.0033607,1.8276399,-0.04098669,0.35085374,-4.5294814,7.74339,-0.7579644,2.4941504,-2.5477803,-8.422232,-1.8594366,-4.8000855,-3.1132967,-6.1443405,-0.48672962,-5.2940955,-2.850006,0.24256921,1.3319038,4.2834024,4.890995,2.3816736,0.5967992,-0.59004045,-0.07822418,1.337897,1.1061786,2.6080697,-2.6446936,-0.72249675,-0.45494175,-0.6147385,1.0878882,-1.0675538,0
110,-464.37778,63.552612,6.2474337,23.407824,12.026069,7.2390456,-0.3564911,3.1899552,0.4558977,1.4746009,-3.3248582,6.6396203,-1.9581963,0.68675053,-1.1969677,-7.889134,-2.011894,-5.7476907,-4.4864955,-4.8435245,-1.1648816,-3.3200843,-1.4505525,0.7022848,3.1225731,4.8454366,4.790633,2.4001334,0.13031721,0.08561366,0.38531002,-0.5575422,-1.1622869,0.29552272,-2.6668315,-0.39260986,-0.021014407,-0.85874915,-0.6959105,-0.86903954,0
111,-467.0227,68.044846,5.5893307,31.535063,12.163206,2.246705,-5.6851125,3.0777395,-3.5839827,2.2411864,-4.550444,4.579736,-2.365584,2.2362764,-0.98046744,-8.247848,-0.83265936,-5.171648,-3.449767,-3.5330694,0.6020761,-3.3379958,-1.8232253,0.22807148,2.016495,2.5765014,5.9246907,4.0199227,2.0248253,1.350309,0.4528258,-1.1412599,-1.5698887,3.2367723,-2.5178678,-0.55532956,0.017413624,-3.542823,-1.5119015,0.023391312,0
112,-472.78537,74.52665,8.005038,27.97817,10.520382,5.4134455,-3.924593,3.718396,-0.68536276,2.0934553,-5.8374376,5.720781,-2.86292,0.9752351,-0.05762423,-7.590613,-1.7697563,-4.8429275,-4.1321006,-5.6642623,-0.38240397,-5.5482817,-2.3993928,-0.13424653,0.8674975,4.061393,6.1576743,4.7604985,2.5876253,0.94890815,0.5964667,-0.7765704,-1.1414826,0.4408408,-3.012748,0.44660604,-0.50639087,-1.1744494,0.92937475,0.2413108,0
113,-486.8737,68.99017,10.149467,26.9382,9.658207,5.5805383,-6.193273,5.336395,-0.75878614,0.7012902,-3.2865033,7.5561757,-0.23896813,1.4719499,1.3910776,-8.030948,-2.7352107,-3.037224,-3.9041002,-3.77581,0.5719738,-4.540413,-1.1093961,-0.15603016,1.3710549,3.3488667,5.197193,4.402794,1.0543776,0.3866123,-0.21426068,-0.13578251,1.3836708,0.72503895,-3.0796442,-0.58450615,-1.1629096,-0.8810518,0.17928995,-1.7094969,0
114,-478.34985,53.78977,7.035747,26.539673,10.926962,4.835787,-1.2939411,5.7635584,-2.2604914,2.690685,-2.7277682,5.8626747,-1.4984905,3.1688914,-0.19960274,-6.9681463,-0.23262557,-4.707441,-2.5755694,-3.8871222,-0.82600075,-2.9575868,-0.96748835,0.22832912,3.177363,4.6561704,5.323709,4.5994005,1.6684117,-0.026612384,1.4802928,1.3395513,0.7766001,0.88262033,-3.730767,-1.5232276,-1.3420156,-0.9143569,0.8247287,-1.630232,0
115,-479.13138,71.03435,9.050716,26.857595,12.619398,9.912274,-0.615048,5.603976,-3.736606,2.9353569,-3.0217454,9.017731,-1.4814192,2.313244,-1.3288093,-8.8773775,-0.8738177,-5.5473323,-2.3888066,-5.666861,-1.9620833,-4.4277587,-2.2176435,-0.43662244,2.511238,3.3959308,3.077609,3.9814734,2.0486977,-1.0298219,-0.1433902,-0.99524254,-0.8271862,1.6529198,-1.5635713,-0.038143568,-0.97118753,-0.67876965,-0.05461549,-1.9951313,0
116,-430.8063,62.333473,4.3420296,30.621227,14.921642,2.9509993,-2.3189995,3.2901137,-1.5469457,2.2138956,-1.4404246,7.815424,-3.6063266,1.9566966,-0.83851975,-9.614981,-1.7697775,-5.860385,-5.1081543,-4.743435,0.62411547,-4.058579,-1.5236342,0.43189415,0.06790161,2.3698065,3.674436,4.106643,3.1359825,1.116201,-0.61096233,-2.989816,-1.2923117,1.1461525,-2.633369,1.3063016,-1.413882,-3.510769,0.42054236,-0.46033922,0
117,-428.58667,73.48691,6.62441,29.257748,5.239381,15.863233,3.070202,-0.08643423,2.5167365,-3.7568607,-0.8632509,-4.3679414,2.8823013,-2.7673478,0.6753483,1.4617939,-5.777193,2.090187,-1.4890115,-2.8060372,-0.8331918,-2.6656065,-3.2541645,-3.2741582,-1.9918622,-4.358987,-2.9822989,-2.7572608,-4.617191,-2.36236,-4.7822447,-4.266955,-0.73380834,-2.9027174,-1.8442775,-1.7001534,-3.0469403,-1.5105715,-2.2976582,-2.6626673,0
118,-423.9834,84.72727,3.1202219,32.49423,3.751471,18.561247,5.0070453,-2.5056386,5.672112,-3.1744514,-2.274476,-3.9106817,2.847673,-1.0806336,1.5181696,0.069032446,-5.1892786,2.4017339,-3.4652884,-0.87763846,-0.27132627,-5.3849683,-2.3679543,-3.50666,-1.7935625,-2.5977645,-4.2280884,-4.4702005,-3.9235315,-1.1378379,-3.8306003,-0.81734914,2.1991525,-2.180388,-3.215504,-3.061083,-2.3434048,-1.909847,-1.5960258,-1.7215579,0
119,-411.3481,70.08944,6.0928426,33.81358,3.5363412,12.700306,6.332567,-5.241075,2.1892474,1.033108,-3.7832477,-3.6504633,4.027275,-5.62798,-0.08857674,4.6851263,-6.1559544,0.49916,-0.55047804,-5.5108175,0.48903906,-0.38930407,-5.457106,-3.9217002,-3.6155612,-7.383242,-3.1731067,-3.3299124,-6.5320907,1.2335583,-1.3953356,-5.2486525,0.32022953,-2.33848,-3.1151772,0.13277958,-2.2472272,-3.3957143,-0.76386535,-2.8577957,0
120,-409.37503,71.538704,5.6757894,33.029526,1.8620538,12.077246,5.8136086,-6.483099,0.45294237,-0.51188236,-3.688876,-2.732264,4.802957,-3.444398,-0.5285417,2.9395154,-4.8099875,-0.71824837,-0.5201956,-3.1874666,-3.5285132,-1.5619096,-1.6687841,-6.414378,-3.1342394,-3.026264,-6.2100267,-2.837947,-2.6995146,-3.4164083,-2.2056062,-2.261361,-2.9994109,-1.4775876,-0.98788285,-2.9775033,-1.0950557,-1.1679759,-2.6041818,-1.3417683,0
121,-423.30756,77.88448,7.118223,27.391363,6.728618,15.294064,1.2912244,-7.850107,2.9517298,-0.18764272,-3.437853,-4.499632,3.0609083,-0.97253513,-0.29648554,2.6479685,-5.610779,-2.6140747,-0.28065428,-4.421737,-4.1192613,-0.7151374,0.16536419,-2.280282,-2.9055407,-4.46545,-4.7230973,-1.8777262,-3.4159706,-3.959184,-1.1765032,-0.24928471,-2.3827531,-3.7889826,-1.8142537,-1.828948,-1.0921364,-1.1050801,-3.302707,-1.4378473,0
122,-427.8123,83.27539,7.326962,28.970245,6.3740444,14.483265,0.6370601,-7.484655,1.6416596,1.2462137,-4.8565326,-6.487098,2.665225,-2.4509156,0.6041531,2.0222905,-5.154251,2.1078105,1.295365,-4.9181933,-2.7697682,-2.3362834,-1.2541487,-2.6893516,-6.357386,-5.5192327,-2.447746,-3.0167396,-4.0790057,-1.41585,-3.0287645,-2.4967031,-0.52398723,-5.0252323,-2.842525,0.6512623,-2.166191,-1.6706492,-0.8382153,-2.143628,0
123,-404.6074,77.2314,7.6372766,25.526062,9.711249,11.48063,2.364359,-2.8724053,1.3991175,0.09073088,-1.043277,-3.8128827,1.4652877,-1.0026507,-0.26624557,1.6798378,-2.551921,-1.4281483,-0.7272881,-1.6170918,-3.3637142,-2.8819814,-1.3787173,-3.6945872,-4.6074653,-3.3425486,-2.4256747,-2.968773,-3.4038274,-1.3306108,-1.8935089,-0.6490279,0.06298476,-4.0159554,-2.4323301,-0.74478745,-2.5919828,-2.7676992,-1.5771475,-1.9886564,0
124,-401.74344,76.97697,8.12852,29.06726,5.9515104,16.562592,0.99194944,-7.1015296,4.921355,-1.7830437,-1.3200359,-0.9700773,1.4443386,-1.2151831,-0.096163414,-0.2633802,-3.1943781,0.17597553,-3.314131,-3.3678308,-2.3388975,-3.6086671,-1.4294062,-2.3956883,-3.2019174,-2.9436896,-3.937368,-3.02673,-2.1516807,-3.5820134,-3.820894,-1.9665868,-2.4436228,-2.8057642,-2.0592508,-2.0968,-0.82565534,-1.7841336,-2.0644252,-1.9666252,0
125,-406.31363,71.55675,7.7288666,26.342316,6.284585,19.0126,-1.8556061,-6.827464,7.0473595,-5.0910344,-0.15686105,-2.8160305,-2.035574,-0.29544866,-0.29693067,2.4248314,-4.2392626,-1.4038934,0.48396412,-3.1190891,-3.149562,-2.183823,-1.4625423,-1.611367,-2.7230356,-4.2594385,-3.1635623,-3.805664,-2.527438,-1.6283884,-1.7612318,1.0374317,-1.972307,-2.0372176,-1.5002846,-3.0026066,-0.22898641,-2.70657,-3.1031866,-1.9604067,0
126,-402.80023,78.4508,2.2163415,28.982977,8.019462,17.527142,0.49214602,-6.5964017,5.3366823,-3.2014978,-2.7803776,-3.1243649,0.002488004,-1.8318176,-0.36288512,1.6579002,-5.6459217,-1.1225153,-0.9829841,-5.12515,-3.047508,-4.1990795,-1.9073792,-1.1326839,-3.842232,-5.0453997,-3.5134337,-1.2572829,-3.5149624,-4.1102667,-2.1353745,-0.79217094,-1.9715106,-2.8789306,-2.6496506,-2.4724023,-0.35146567,-2.7055697,-3.1955924,-1.2371942,0
127,-405.66943,75.68111,10.119255,22.735685,6.6409783,16.41669,2.9230385,-6.39394,3.5972981,-1.86642,-0.47341296,-0.39556274,-0.38165754,-1.1537794,0.20266993,0.7279266,-3.928227,-0.6821337,-0.7340811,-3.8966248,-2.3770916,-2.9432273,-2.745769,-2.3799615,-5.274465,-5.123749,-2.6299424,-3.6321437,-2.889463,-2.1583223,-3.4217396,-0.87741435,-2.0146067,-3.3874815,-1.4936805,-2.4649549,-1.3749005,-1.2571576,-2.4199576,-2.9055042,0
128,-383.7573,74.1007,3.9199612,37.879395,8.223098,12.910587,8.268386,-5.8525085,3.2869155,2.185287,0.71189624,-3.0194073,0.553302,1.7358549,-1.2866029,-0.5640902,-2.2217474,-0.75326294,-0.2295382,-1.1073266,-2.3416836,-2.2838254,-0.58210695,-2.2249203,-2.0949805,-3.8165815,-5.2141004,-1.8538845,-2.0412996,-2.205735,-0.3017273,0.07369402,-0.909353,-1.2210637,-2.5596354,-4.2546916,-0.73238415,-0.59129375,-4.489344,-2.1709337,0
129,-407.33624,85.08484,8.349681,30.200647,9.672332,18.198765,-1.550384,-8.769337,5.8109837,-2.7814276,-1.5256629,-3.1757443,-2.1839905,-0.34211907,1.4049453,2.4101315,-5.119474,-2.502885,1.6940848,-3.290048,-3.975631,-2.0692613,-2.8122878,-1.8074028,-3.9600408,-7.848658,-4.2956033,-3.5952153,-3.7097557,-0.20693177,-3.4238498,-1.0670487,0.780351,-3.805401,-2.5368133,-3.1499877,-1.7407149,0.068101384,-1.7088375,-2.0012882,0
130,-406.18246,78.97424,8.794745,28.342619,8.928715,13.714305,-0.6479533,-9.866544,1.5098027,-1.7053708,-2.7863686,-2.6079755,0.35509714,-0.8645928,0.7378374,1.2452005,-4.6680875,0.3092175,-0.26252213,-5.5086603,-2.0485966,-2.7606003,-3.342404,-1.7254786,-2.9094844,-4.953492,-3.7566748,-2.6986,-3.3341975,-1.1197662,-3.167751,-3.1326597,-0.76780534,-2.9888968,-2.2784302,-1.270592,-2.5104845,-1.842725,-1.8043617,-3.5296564,0
131,-409.60733,83.58216,10.525713,30.643112,8.526709,18.45817,0.9238924,-9.492636,2.169764,-2.9057035,-0.8882877,-4.043553,-0.9329122,1.30167,1.6114948,0.80601263,-5.9559274,1.8640207,2.5619497,-6.730788,-3.3380084,-1.6372952,-3.4871364,-1.7129321,-2.3686974,-5.038697,-3.732823,-2.8459609,-3.08927,-1.4839078,-4.042861,-2.325902,-0.13134392,-4.1956205,-3.3189135,-0.926819,-0.75376064,-0.41054252,-1.4495443,-3.3655076,0
132,-409.02942,77.65509,4.0992303,34.870544,6.620296,14.311901,5.5584173,-7.4108157,2.1035948,-0.8040796,-4.567322,-5.530604,1.3883235,-1.3953391,-0.13403046,2.1528382,-6.062443,0.89943236,1.7076863,-6.5971203,-1.2091017,-1.6160175,-4.852199,-1.3726531,-3.5159214,-6.3386793,-4.5962944,-4.0685434,-3.5615425,-1.6695249,-2.9214766,-2.464822,-0.9161437,-3.1293676,-3.6258268,-1.9215912,-0.8710878,-0.08205228,-1.7522265,-4.337725,0
133,-375.43286,95.99746,-5.702438,30.250126,3.9203627,14.590301,5.685059,-9.314087,5.788833,1.603297,-6.2243633,-7.419379,0.27673176,-2.2071304,-0.4910675,4.9945784,-3.8178794,-1.0899591,-0.9635385,-8.776914,-4.8421173,-1.2475793,-2.4290824,-4.6716065,-5.2118616,-4.6789985,-4.243246,-4.039419,-4.460283,-2.270181,-1.0165281,-0.19710635,-0.84401137,-3.552955,-3.714964,-3.379269,-3.0587382,-0.51444244,-0.30470064,-3.3282988,0
134,-390.8319,84.099594,3.9946768,25.877502,4.7566576,14.855209,1.9178599,-7.0397887,5.542594,0.26411322,-0.3151947,-3.6597989,0.6524862,-0.25945246,-2.235749,1.8228912,-7.364842,-3.3532653,1.3999867,-6.1554775,-1.0662943,-0.71857107,-6.0954394,-4.060404,-5.2205276,-7.103138,-4.7943153,-4.2763624,-3.9351141,-1.7685126,-3.1119108,-2.6315668,-1.3363328,-3.3660858,-3.6926217,-2.69695,-1.5982015,-0.9984173,-0.9116512,-2.8133965,0
135,-383.1807,83.897644,6.033627,30.577742,7.4258027,14.7141,3.951448,-4.336161,5.1929727,0.60450566,-1.0143921,-2.0930405,3.026149,0.6005925,1.4667943,3.5271654,-6.974823,-2.7756462,0.15248607,-6.077768,-1.2596773,-0.730395,-4.8735704,-5.068798,-5.4557147,-6.1575603,-3.3086815,-2.7460756,-6.7525964,-2.5139823,0.39888105,-1.9581807,-0.96682435,-2.8628728,-4.465958,-4.056269,-4.080784,-1.0086122,-0.4894955,-3.3717206,0
136,-385.1279,81.629,7.2629,34.172623,5.05948,13.013494,3.3709607,-8.497264,0.26052433,-2.0269437,-3.909354,-4.67169,2.1505816,-0.9136275,0.5360491,3.1711884,-5.8029146,-1.3110793,-0.2327757,-5.738956,-2.518626,-1.5358502,-2.6338036,-4.3975697,-4.574855,-5.114062,-5.30619,-3.952888,-5.1400814,-2.1240885,-0.81611574,-1.2365419,-0.599825,-3.5249527,-3.3270032,-3.1793635,-3.9189863,-0.42257443,-0.35517153,-3.15215,0
137,-400.4114,84.73534,1.7498826,33.82767,8.939821,10.8022175,3.543332,-3.611744,-0.17296049,-4.388177,1.7352617,-3.3712547,-1.3877317,1.0944928,0.92962843,0.2538876,-4.903122,1.049051,-2.7025235,-6.5295625,-0.37213832,-3.2611232,-3.5753984,-1.746197,-3.816261,-4.9309025,-3.5957894,-3.6031923,-4.2840652,-1.1528865,-2.1633995,-1.8255693,-0.2407757,-3.0366943,-1.0804962,-0.78951097,-3.769023,-1.9644243,-1.7461487,-4.40634,0
